[{"model": "chart.broker", "pk": 1, "fields": {"name": "Tickmill"}}, {"model": "chart.broker", "pk": 2, "fields": {"name": "Exness"}}, {"model": "chart.broker", "pk": 3, "fields": {"name": "IUX"}}, {"model": "chart.myaccount", "pk": 1, "fields": {"broker": 1, "login": "25008113", "password": "u(M1gO(G3U73", "server": "demo.mt5tickmill.com", "account_type": "0"}}, {"model": "chart.myaccount", "pk": 2, "fields": {"broker": 2, "login": "77472068", "password": "Entaneer4206079", "server": "Exness-MT5Trial6", "account_type": "0"}}, {"model": "chart.myaccount", "pk": 3, "fields": {"broker": 3, "login": "95369", "password": "Program2012", "server": "IUXMarket-Demo", "account_type": "0"}}, {"model": "chart.myaccount", "pk": 4, "fields": {"broker": 1, "login": "25010299", "password": "bF8?9Qw%D&ql", "server": "demo.mt5tickmill.com", "account_type": "0"}}, {"model": "chart.myaccount", "pk": 5, "fields": {"broker": 1, "login": "25010509", "password": "wJ1?P6ma!/@$", "server": "demo.mt5tickmill.com", "account_type": "0"}}, {"model": "chart.myaccount", "pk": 6, "fields": {"broker": 1, "login": "25010581", "password": "5WdgZSfQ9#9m", "server": "demo.mt5tickmill.com", "account_type": "0"}}, {"model": "chart.myaccount", "pk": 7, "fields": {"broker": 1, "login": "25011191", "password": "?K&HO6UqK1PP", "server": "demo.mt5tickmill.com", "account_type": "0"}}, {"model": "chart.myaccount", "pk": 8, "fields": {"broker": 1, "login": "25011576", "password": "T8:7*ByJUi5J", "server": "demo.mt5tickmill.com", "account_type": "0"}}, {"model": "chart.myaccount", "pk": 9, "fields": {"broker": 1, "login": "78011696", "password": "Entaneer4206079", "server": "Exness-MT5Trial7", "account_type": "0"}}, {"model": "chart.myaccount", "pk": 10, "fields": {"broker": 1, "login": "78012150", "password": "Entaneer4206079", "server": "Exness-MT5Trial7", "account_type": "0"}}, {"model": "chart.setting", "pk": 1, "fields": {"myaccount": 8, "demobalance": 1102.6499999999996, "exitmode": 20, "numorder": 3}}, {"model": "chart.timeframe", "pk": 1, "fields": {"name": "M1"}}, {"model": "chart.timeframe", "pk": 2, "fields": {"name": "M5"}}, {"model": "chart.timeframe", "pk": 3, "fields": {"name": "M15"}}, {"model": "chart.timeframe", "pk": 4, "fields": {"name": "M30"}}, {"model": "chart.timeframe", "pk": 5, "fields": {"name": "H1"}}, {"model": "chart.timeframe", "pk": 6, "fields": {"name": "H4"}}, {"model": "chart.timeframe", "pk": 7, "fields": {"name": "D1"}}, {"model": "chart.timeframe", "pk": 8, "fields": {"name": "W1"}}, {"model": "chart.symbol", "pk": 1, "fields": {"broker": 1, "name": "USDJPYm", "status": "1", "pipdistant": 4}}, {"model": "chart.symbol", "pk": 2, "fields": {"broker": 1, "name": "AUDUSDm", "status": "1", "pipdistant": 4}}, {"model": "chart.symbol", "pk": 3, "fields": {"broker": 1, "name": "NZDUSDm", "status": "1", "pipdistant": 4}}, {"model": "chart.symbol", "pk": 4, "fields": {"broker": 1, "name": "GBPUSDm", "status": "1", "pipdistant": 4}}, {"model": "chart.symbol", "pk": 5, "fields": {"broker": 1, "name": "USDCHFm", "status": "1", "pipdistant": 4}}, {"model": "chart.symbol", "pk": 6, "fields": {"broker": 1, "name": "USDCADm", "status": "1", "pipdistant": 4}}, {"model": "chart.symbol", "pk": 7, "fields": {"broker": 1, "name": "AUDCADm", "status": "1", "pipdistant": 4}}, {"model": "chart.symbol", "pk": 11, "fields": {"broker": 1, "name": "AUDNZDm", "status": "1", "pipdistant": 4}}, {"model": "chart.symbol", "pk": 15, "fields": {"broker": 1, "name": "EURAUDm", "status": "1", "pipdistant": 4}}, {"model": "chart.symbol", "pk": 16, "fields": {"broker": 1, "name": "EURCADm", "status": "1", "pipdistant": 4}}, {"model": "chart.symbol", "pk": 33, "fields": {"broker": 1, "name": "GBPCHFm", "status": "1", "pipdistant": 4}}, {"model": "chart.symbol", "pk": 51, "fields": {"broker": 1, "name": "USDDKKm", "status": "0", "pipdistant": 4}}, {"model": "chart.symbol", "pk": 59, "fields": {"broker": 1, "name": "USDSGDm", "status": "0", "pipdistant": 4}}, {"model": "chart.symbol", "pk": 70, "fields": {"broker": 1, "name": "EURUSDm", "status": "1", "pipdistant": 4}}, {"model": "chart.symbol", "pk": 71, "fields": {"broker": 1, "name": "GBPJPYm", "status": "1", "pipdistant": 4}}, {"model": "chart.symbol", "pk": 74, "fields": {"broker": 1, "name": "EURGBPm", "status": "1", "pipdistant": 4}}, {"model": "chart.symbol", "pk": 75, "fields": {"broker": 1, "name": "AUDJPYm", "status": "1", "pipdistant": 4}}, {"model": "chart.symbol", "pk": 76, "fields": {"broker": 1, "name": "AUDCHFm", "status": "1", "pipdistant": 4}}, {"model": "chart.symbol", "pk": 77, "fields": {"broker": 1, "name": "CADJPYm", "status": "1", "pipdistant": 4}}, {"model": "chart.symbol", "pk": 79, "fields": {"broker": 1, "name": "CHFJPYm", "status": "1", "pipdistant": 4}}, {"model": "chart.symbol", "pk": 80, "fields": {"broker": 1, "name": "NZDJPYm", "status": "1", "pipdistant": 4}}, {"model": "chart.symbol", "pk": 81, "fields": {"broker": 1, "name": "CADCHFm", "status": "1", "pipdistant": 4}}, {"model": "chart.symbol", "pk": 82, "fields": {"broker": 1, "name": "NZDCADm", "status": "1", "pipdistant": 4}}, {"model": "chart.symbol", "pk": 90, "fields": {"broker": 1, "name": "EURJPYm", "status": "1", "pipdistant": 4}}, {"model": "chart.symbol", "pk": 91, "fields": {"broker": 1, "name": "GBPAUDm", "status": "1", "pipdistant": 4}}, {"model": "chart.backtestinterval", "pk": 1, "fields": {"interval": 50}}, {"model": "chart.backtestinterval", "pk": 2, "fields": {"interval": 100}}, {"model": "chart.backtestinterval", "pk": 3, "fields": {"interval": 200}}, {"model": "chart.backtestinterval", "pk": 4, "fields": {"interval": 500}}, {"model": "chart.backtestinterval", "pk": 5, "fields": {"interval": 1000}}, {"model": "chart.backtestinterval", "pk": 6, "fields": {"interval": 1500}}, {"model": "chart.backtestinterval", "pk": 7, "fields": {"interval": 2000}}, {"model": "chart.backtestsize", "pk": 1, "fields": {"size": 30}}, {"model": "chart.backtestsize", "pk": 2, "fields": {"size": 50}}, {"model": "chart.backtestsize", "pk": 3, "fields": {"size": 100}}, {"model": "chart.backtestsize", "pk": 4, "fields": {"size": 200}}, {"model": "chart.backtestsize", "pk": 5, "fields": {"size": 300}}, {"model": "chart.backtestsize", "pk": 6, "fields": {"size": 500}}, {"model": "chart.backtestsize", "pk": 7, "fields": {"size": 700}}, {"model": "chart.backtestsize", "pk": 8, "fields": {"size": 1000}}, {"model": "chart.spec", "pk": 1, "fields": {"symbol": 1, "name": "MA100 Slope", "parameter": "ma100_slope", "entry_value": "0.000001", "exit_value": "-0.0005", "parameter_type": "compare", "compare_reverse": "1", "status": "1", "spec_type": "1", "order_type": "0"}}, {"model": "chart.spec", "pk": 2, "fields": {"symbol": 1, "name": "MA100 Arrow Under", "parameter": "sma100_arrow_below", "entry_value": "True", "exit_value": "False", "parameter_type": "equal", "compare_reverse": "1", "status": "0", "spec_type": "1", "order_type": "0"}}, {"model": "chart.spec", "pk": 3026, "fields": {"symbol": 1, "name": "MA100 Arrow Under", "parameter": "sma100_arrow_below", "entry_value": "True", "exit_value": "False", "parameter_type": "equal", "compare_reverse": "1", "status": "1", "spec_type": "2", "order_type": "0"}}, {"model": "chart.spec", "pk": 3027, "fields": {"symbol": 1, "name": "MA100 Slope", "parameter": "ma100_slope", "entry_value": "0", "exit_value": "0", "parameter_type": "compare", "compare_reverse": "2", "status": "1", "spec_type": "1", "order_type": "1"}}, {"model": "chart.spec", "pk": 3028, "fields": {"symbol": 1, "name": "MA100 Arrow Above", "parameter": "sma100_arrow_above", "entry_value": "True", "exit_value": "False", "parameter_type": "equal", "compare_reverse": "1", "status": "0", "spec_type": "1", "order_type": "1"}}, {"model": "chart.spec", "pk": 3042, "fields": {"symbol": 1, "name": "MA100 Arrow Above", "parameter": "sma100_arrow_above", "entry_value": "True", "exit_value": "False", "parameter_type": "equal", "compare_reverse": "1", "status": "1", "spec_type": "2", "order_type": "1"}}, {"model": "chart.spec", "pk": 13283, "fields": {"symbol": 1, "name": "MA100 Present Under", "parameter": "sma100_present_below", "entry_value": "True", "exit_value": "False", "parameter_type": "equal", "compare_reverse": "1", "status": "1", "spec_type": "1", "order_type": "0"}}, {"model": "chart.spec", "pk": 13284, "fields": {"symbol": 1, "name": "MA100 Present Under", "parameter": "sma100_present_below", "entry_value": "True", "exit_value": "False", "parameter_type": "equal", "compare_reverse": "1", "status": "1", "spec_type": "2", "order_type": "0"}}, {"model": "chart.spec", "pk": 13285, "fields": {"symbol": 1, "name": "MA100 Present Above", "parameter": "sma100_present_above", "entry_value": "True", "exit_value": "False", "parameter_type": "equal", "compare_reverse": "1", "status": "1", "spec_type": "1", "order_type": "1"}}, {"model": "chart.spec", "pk": 13286, "fields": {"symbol": 1, "name": "MA100 Present Above", "parameter": "sma100_present_above", "entry_value": "True", "exit_value": "False", "parameter_type": "equal", "compare_reverse": "1", "status": "1", "spec_type": "2", "order_type": "1"}}, {"model": "chart.spec", "pk": 27327, "fields": {"symbol": 2, "name": "MA100 Slope", "parameter": "ma100_slope", "entry_value": "0.000001", "exit_value": "-0.0005", "parameter_type": "compare", "compare_reverse": "1", "status": "1", "spec_type": "1", "order_type": "0"}}, {"model": "chart.spec", "pk": 27328, "fields": {"symbol": 2, "name": "MA100 Arrow Under", "parameter": "sma100_arrow_below", "entry_value": "True", "exit_value": "False", "parameter_type": "equal", "compare_reverse": "1", "status": "0", "spec_type": "1", "order_type": "0"}}, {"model": "chart.spec", "pk": 27329, "fields": {"symbol": 2, "name": "MA100 Arrow Under", "parameter": "sma100_arrow_below", "entry_value": "True", "exit_value": "False", "parameter_type": "equal", "compare_reverse": "1", "status": "1", "spec_type": "2", "order_type": "0"}}, {"model": "chart.spec", "pk": 27330, "fields": {"symbol": 2, "name": "MA100 Slope", "parameter": "ma100_slope", "entry_value": "0", "exit_value": "0", "parameter_type": "compare", "compare_reverse": "2", "status": "1", "spec_type": "1", "order_type": "1"}}, {"model": "chart.spec", "pk": 27331, "fields": {"symbol": 2, "name": "MA100 Arrow Above", "parameter": "sma100_arrow_above", "entry_value": "True", "exit_value": "False", "parameter_type": "equal", "compare_reverse": "1", "status": "0", "spec_type": "1", "order_type": "1"}}, {"model": "chart.spec", "pk": 27332, "fields": {"symbol": 2, "name": "MA100 Arrow Above", "parameter": "sma100_arrow_above", "entry_value": "True", "exit_value": "False", "parameter_type": "equal", "compare_reverse": "1", "status": "1", "spec_type": "2", "order_type": "1"}}, {"model": "chart.spec", "pk": 27333, "fields": {"symbol": 2, "name": "MA100 Present Under", "parameter": "sma100_present_below", "entry_value": "True", "exit_value": "False", "parameter_type": "equal", "compare_reverse": "1", "status": "1", "spec_type": "1", "order_type": "0"}}, {"model": "chart.spec", "pk": 27334, "fields": {"symbol": 2, "name": "MA100 Present Under", "parameter": "sma100_present_below", "entry_value": "True", "exit_value": "False", "parameter_type": "equal", "compare_reverse": "1", "status": "1", "spec_type": "2", "order_type": "0"}}, {"model": "chart.spec", "pk": 27335, "fields": {"symbol": 2, "name": "MA100 Present Above", "parameter": "sma100_present_above", "entry_value": "True", "exit_value": "False", "parameter_type": "equal", "compare_reverse": "1", "status": "1", "spec_type": "1", "order_type": "1"}}, {"model": "chart.spec", "pk": 27336, "fields": {"symbol": 2, "name": "MA100 Present Above", "parameter": "sma100_present_above", "entry_value": "True", "exit_value": "False", "parameter_type": "equal", "compare_reverse": "1", "status": "1", "spec_type": "2", "order_type": "1"}}, {"model": "chart.spec", "pk": 27337, "fields": {"symbol": 3, "name": "MA100 Slope", "parameter": "ma100_slope", "entry_value": "0.000001", "exit_value": "-0.0005", "parameter_type": "compare", "compare_reverse": "1", "status": "1", "spec_type": "1", "order_type": "0"}}, {"model": "chart.spec", "pk": 27338, "fields": {"symbol": 3, "name": "MA100 Arrow Under", "parameter": "sma100_arrow_below", "entry_value": "True", "exit_value": "False", "parameter_type": "equal", "compare_reverse": "1", "status": "0", "spec_type": "1", "order_type": "0"}}, {"model": "chart.spec", "pk": 27339, "fields": {"symbol": 3, "name": "MA100 Arrow Under", "parameter": "sma100_arrow_below", "entry_value": "True", "exit_value": "False", "parameter_type": "equal", "compare_reverse": "1", "status": "1", "spec_type": "2", "order_type": "0"}}, {"model": "chart.spec", "pk": 27340, "fields": {"symbol": 3, "name": "MA100 Slope", "parameter": "ma100_slope", "entry_value": "0", "exit_value": "0", "parameter_type": "compare", "compare_reverse": "2", "status": "1", "spec_type": "1", "order_type": "1"}}, {"model": "chart.spec", "pk": 27341, "fields": {"symbol": 3, "name": "MA100 Arrow Above", "parameter": "sma100_arrow_above", "entry_value": "True", "exit_value": "False", "parameter_type": "equal", "compare_reverse": "1", "status": "0", "spec_type": "1", "order_type": "1"}}, {"model": "chart.spec", "pk": 27342, "fields": {"symbol": 3, "name": "MA100 Arrow Above", "parameter": "sma100_arrow_above", "entry_value": "True", "exit_value": "False", "parameter_type": "equal", "compare_reverse": "1", "status": "1", "spec_type": "2", "order_type": "1"}}, {"model": "chart.spec", "pk": 27343, "fields": {"symbol": 3, "name": "MA100 Present Under", "parameter": "sma100_present_below", "entry_value": "True", "exit_value": "False", "parameter_type": "equal", "compare_reverse": "1", "status": "1", "spec_type": "1", "order_type": "0"}}, {"model": "chart.spec", "pk": 27344, "fields": {"symbol": 3, "name": "MA100 Present Under", "parameter": "sma100_present_below", "entry_value": "True", "exit_value": "False", "parameter_type": "equal", "compare_reverse": "1", "status": "1", "spec_type": "2", "order_type": "0"}}, {"model": "chart.spec", "pk": 27345, "fields": {"symbol": 3, "name": "MA100 Present Above", "parameter": "sma100_present_above", "entry_value": "True", "exit_value": "False", "parameter_type": "equal", "compare_reverse": "1", "status": "1", "spec_type": "1", "order_type": "1"}}, {"model": "chart.spec", "pk": 27346, "fields": {"symbol": 3, "name": "MA100 Present Above", "parameter": "sma100_present_above", "entry_value": "True", "exit_value": "False", "parameter_type": "equal", "compare_reverse": "1", "status": "1", "spec_type": "2", "order_type": "1"}}, {"model": "chart.spec", "pk": 27347, "fields": {"symbol": 4, "name": "MA100 Slope", "parameter": "ma100_slope", "entry_value": "0.000001", "exit_value": "-0.0005", "parameter_type": "compare", "compare_reverse": "1", "status": "1", "spec_type": "1", "order_type": "0"}}, {"model": "chart.spec", "pk": 27348, "fields": {"symbol": 4, "name": "MA100 Arrow Under", "parameter": "sma100_arrow_below", "entry_value": "True", "exit_value": "False", "parameter_type": "equal", "compare_reverse": "1", "status": "0", "spec_type": "1", "order_type": "0"}}, {"model": "chart.spec", "pk": 27349, "fields": {"symbol": 4, "name": "MA100 Arrow Under", "parameter": "sma100_arrow_below", "entry_value": "True", "exit_value": "False", "parameter_type": "equal", "compare_reverse": "1", "status": "1", "spec_type": "2", "order_type": "0"}}, {"model": "chart.spec", "pk": 27350, "fields": {"symbol": 4, "name": "MA100 Slope", "parameter": "ma100_slope", "entry_value": "0", "exit_value": "0", "parameter_type": "compare", "compare_reverse": "2", "status": "1", "spec_type": "1", "order_type": "1"}}, {"model": "chart.spec", "pk": 27351, "fields": {"symbol": 4, "name": "MA100 Arrow Above", "parameter": "sma100_arrow_above", "entry_value": "True", "exit_value": "False", "parameter_type": "equal", "compare_reverse": "1", "status": "0", "spec_type": "1", "order_type": "1"}}, {"model": "chart.spec", "pk": 27352, "fields": {"symbol": 4, "name": "MA100 Arrow Above", "parameter": "sma100_arrow_above", "entry_value": "True", "exit_value": "False", "parameter_type": "equal", "compare_reverse": "1", "status": "1", "spec_type": "2", "order_type": "1"}}, {"model": "chart.spec", "pk": 27353, "fields": {"symbol": 4, "name": "MA100 Present Under", "parameter": "sma100_present_below", "entry_value": "True", "exit_value": "False", "parameter_type": "equal", "compare_reverse": "1", "status": "1", "spec_type": "1", "order_type": "0"}}, {"model": "chart.spec", "pk": 27354, "fields": {"symbol": 4, "name": "MA100 Present Under", "parameter": "sma100_present_below", "entry_value": "True", "exit_value": "False", "parameter_type": "equal", "compare_reverse": "1", "status": "1", "spec_type": "2", "order_type": "0"}}, {"model": "chart.spec", "pk": 27355, "fields": {"symbol": 4, "name": "MA100 Present Above", "parameter": "sma100_present_above", "entry_value": "True", "exit_value": "False", "parameter_type": "equal", "compare_reverse": "1", "status": "1", "spec_type": "1", "order_type": "1"}}, {"model": "chart.spec", "pk": 27356, "fields": {"symbol": 4, "name": "MA100 Present Above", "parameter": "sma100_present_above", "entry_value": "True", "exit_value": "False", "parameter_type": "equal", "compare_reverse": "1", "status": "1", "spec_type": "2", "order_type": "1"}}, {"model": "chart.spec", "pk": 27357, "fields": {"symbol": 5, "name": "MA100 Slope", "parameter": "ma100_slope", "entry_value": "0.000001", "exit_value": "-0.0005", "parameter_type": "compare", "compare_reverse": "1", "status": "1", "spec_type": "1", "order_type": "0"}}, {"model": "chart.spec", "pk": 27358, "fields": {"symbol": 5, "name": "MA100 Arrow Under", "parameter": "sma100_arrow_below", "entry_value": "True", "exit_value": "False", "parameter_type": "equal", "compare_reverse": "1", "status": "0", "spec_type": "1", "order_type": "0"}}, {"model": "chart.spec", "pk": 27359, "fields": {"symbol": 5, "name": "MA100 Arrow Under", "parameter": "sma100_arrow_below", "entry_value": "True", "exit_value": "False", "parameter_type": "equal", "compare_reverse": "1", "status": "1", "spec_type": "2", "order_type": "0"}}, {"model": "chart.spec", "pk": 27360, "fields": {"symbol": 5, "name": "MA100 Slope", "parameter": "ma100_slope", "entry_value": "0", "exit_value": "0", "parameter_type": "compare", "compare_reverse": "2", "status": "1", "spec_type": "1", "order_type": "1"}}, {"model": "chart.spec", "pk": 27361, "fields": {"symbol": 5, "name": "MA100 Arrow Above", "parameter": "sma100_arrow_above", "entry_value": "True", "exit_value": "False", "parameter_type": "equal", "compare_reverse": "1", "status": "0", "spec_type": "1", "order_type": "1"}}, {"model": "chart.spec", "pk": 27362, "fields": {"symbol": 5, "name": "MA100 Arrow Above", "parameter": "sma100_arrow_above", "entry_value": "True", "exit_value": "False", "parameter_type": "equal", "compare_reverse": "1", "status": "1", "spec_type": "2", "order_type": "1"}}, {"model": "chart.spec", "pk": 27363, "fields": {"symbol": 5, "name": "MA100 Present Under", "parameter": "sma100_present_below", "entry_value": "True", "exit_value": "False", "parameter_type": "equal", "compare_reverse": "1", "status": "1", "spec_type": "1", "order_type": "0"}}, {"model": "chart.spec", "pk": 27364, "fields": {"symbol": 5, "name": "MA100 Present Under", "parameter": "sma100_present_below", "entry_value": "True", "exit_value": "False", "parameter_type": "equal", "compare_reverse": "1", "status": "1", "spec_type": "2", "order_type": "0"}}, {"model": "chart.spec", "pk": 27365, "fields": {"symbol": 5, "name": "MA100 Present Above", "parameter": "sma100_present_above", "entry_value": "True", "exit_value": "False", "parameter_type": "equal", "compare_reverse": "1", "status": "1", "spec_type": "1", "order_type": "1"}}, {"model": "chart.spec", "pk": 27366, "fields": {"symbol": 5, "name": "MA100 Present Above", "parameter": "sma100_present_above", "entry_value": "True", "exit_value": "False", "parameter_type": "equal", "compare_reverse": "1", "status": "1", "spec_type": "2", "order_type": "1"}}, {"model": "chart.spec", "pk": 27367, "fields": {"symbol": 6, "name": "MA100 Slope", "parameter": "ma100_slope", "entry_value": "0.000001", "exit_value": "-0.0005", "parameter_type": "compare", "compare_reverse": "1", "status": "1", "spec_type": "1", "order_type": "0"}}, {"model": "chart.spec", "pk": 27368, "fields": {"symbol": 6, "name": "MA100 Arrow Under", "parameter": "sma100_arrow_below", "entry_value": "True", "exit_value": "False", "parameter_type": "equal", "compare_reverse": "1", "status": "0", "spec_type": "1", "order_type": "0"}}, {"model": "chart.spec", "pk": 27369, "fields": {"symbol": 6, "name": "MA100 Arrow Under", "parameter": "sma100_arrow_below", "entry_value": "True", "exit_value": "False", "parameter_type": "equal", "compare_reverse": "1", "status": "1", "spec_type": "2", "order_type": "0"}}, {"model": "chart.spec", "pk": 27370, "fields": {"symbol": 6, "name": "MA100 Slope", "parameter": "ma100_slope", "entry_value": "0", "exit_value": "0", "parameter_type": "compare", "compare_reverse": "2", "status": "1", "spec_type": "1", "order_type": "1"}}, {"model": "chart.spec", "pk": 27371, "fields": {"symbol": 6, "name": "MA100 Arrow Above", "parameter": "sma100_arrow_above", "entry_value": "True", "exit_value": "False", "parameter_type": "equal", "compare_reverse": "1", "status": "0", "spec_type": "1", "order_type": "1"}}, {"model": "chart.spec", "pk": 27372, "fields": {"symbol": 6, "name": "MA100 Arrow Above", "parameter": "sma100_arrow_above", "entry_value": "True", "exit_value": "False", "parameter_type": "equal", "compare_reverse": "1", "status": "1", "spec_type": "2", "order_type": "1"}}, {"model": "chart.spec", "pk": 27373, "fields": {"symbol": 6, "name": "MA100 Present Under", "parameter": "sma100_present_below", "entry_value": "True", "exit_value": "False", "parameter_type": "equal", "compare_reverse": "1", "status": "1", "spec_type": "1", "order_type": "0"}}, {"model": "chart.spec", "pk": 27374, "fields": {"symbol": 6, "name": "MA100 Present Under", "parameter": "sma100_present_below", "entry_value": "True", "exit_value": "False", "parameter_type": "equal", "compare_reverse": "1", "status": "1", "spec_type": "2", "order_type": "0"}}, {"model": "chart.spec", "pk": 27375, "fields": {"symbol": 6, "name": "MA100 Present Above", "parameter": "sma100_present_above", "entry_value": "True", "exit_value": "False", "parameter_type": "equal", "compare_reverse": "1", "status": "1", "spec_type": "1", "order_type": "1"}}, {"model": "chart.spec", "pk": 27376, "fields": {"symbol": 6, "name": "MA100 Present Above", "parameter": "sma100_present_above", "entry_value": "True", "exit_value": "False", "parameter_type": "equal", "compare_reverse": "1", "status": "1", "spec_type": "2", "order_type": "1"}}, {"model": "chart.spec", "pk": 27377, "fields": {"symbol": 7, "name": "MA100 Slope", "parameter": "ma100_slope", "entry_value": "0.000001", "exit_value": "-0.0005", "parameter_type": "compare", "compare_reverse": "1", "status": "1", "spec_type": "1", "order_type": "0"}}, {"model": "chart.spec", "pk": 27378, "fields": {"symbol": 7, "name": "MA100 Arrow Under", "parameter": "sma100_arrow_below", "entry_value": "True", "exit_value": "False", "parameter_type": "equal", "compare_reverse": "1", "status": "0", "spec_type": "1", "order_type": "0"}}, {"model": "chart.spec", "pk": 27379, "fields": {"symbol": 7, "name": "MA100 Arrow Under", "parameter": "sma100_arrow_below", "entry_value": "True", "exit_value": "False", "parameter_type": "equal", "compare_reverse": "1", "status": "1", "spec_type": "2", "order_type": "0"}}, {"model": "chart.spec", "pk": 27380, "fields": {"symbol": 7, "name": "MA100 Slope", "parameter": "ma100_slope", "entry_value": "0", "exit_value": "0", "parameter_type": "compare", "compare_reverse": "2", "status": "1", "spec_type": "1", "order_type": "1"}}, {"model": "chart.spec", "pk": 27381, "fields": {"symbol": 7, "name": "MA100 Arrow Above", "parameter": "sma100_arrow_above", "entry_value": "True", "exit_value": "False", "parameter_type": "equal", "compare_reverse": "1", "status": "0", "spec_type": "1", "order_type": "1"}}, {"model": "chart.spec", "pk": 27382, "fields": {"symbol": 7, "name": "MA100 Arrow Above", "parameter": "sma100_arrow_above", "entry_value": "True", "exit_value": "False", "parameter_type": "equal", "compare_reverse": "1", "status": "1", "spec_type": "2", "order_type": "1"}}, {"model": "chart.spec", "pk": 27383, "fields": {"symbol": 7, "name": "MA100 Present Under", "parameter": "sma100_present_below", "entry_value": "True", "exit_value": "False", "parameter_type": "equal", "compare_reverse": "1", "status": "1", "spec_type": "1", "order_type": "0"}}, {"model": "chart.spec", "pk": 27384, "fields": {"symbol": 7, "name": "MA100 Present Under", "parameter": "sma100_present_below", "entry_value": "True", "exit_value": "False", "parameter_type": "equal", "compare_reverse": "1", "status": "1", "spec_type": "2", "order_type": "0"}}, {"model": "chart.spec", "pk": 27385, "fields": {"symbol": 7, "name": "MA100 Present Above", "parameter": "sma100_present_above", "entry_value": "True", "exit_value": "False", "parameter_type": "equal", "compare_reverse": "1", "status": "1", "spec_type": "1", "order_type": "1"}}, {"model": "chart.spec", "pk": 27386, "fields": {"symbol": 7, "name": "MA100 Present Above", "parameter": "sma100_present_above", "entry_value": "True", "exit_value": "False", "parameter_type": "equal", "compare_reverse": "1", "status": "1", "spec_type": "2", "order_type": "1"}}, {"model": "chart.spec", "pk": 27387, "fields": {"symbol": 11, "name": "MA100 Slope", "parameter": "ma100_slope", "entry_value": "0.000001", "exit_value": "-0.0005", "parameter_type": "compare", "compare_reverse": "1", "status": "1", "spec_type": "1", "order_type": "0"}}, {"model": "chart.spec", "pk": 27388, "fields": {"symbol": 11, "name": "MA100 Arrow Under", "parameter": "sma100_arrow_below", "entry_value": "True", "exit_value": "False", "parameter_type": "equal", "compare_reverse": "1", "status": "0", "spec_type": "1", "order_type": "0"}}, {"model": "chart.spec", "pk": 27389, "fields": {"symbol": 11, "name": "MA100 Arrow Under", "parameter": "sma100_arrow_below", "entry_value": "True", "exit_value": "False", "parameter_type": "equal", "compare_reverse": "1", "status": "1", "spec_type": "2", "order_type": "0"}}, {"model": "chart.spec", "pk": 27390, "fields": {"symbol": 11, "name": "MA100 Slope", "parameter": "ma100_slope", "entry_value": "0", "exit_value": "0", "parameter_type": "compare", "compare_reverse": "2", "status": "1", "spec_type": "1", "order_type": "1"}}, {"model": "chart.spec", "pk": 27391, "fields": {"symbol": 11, "name": "MA100 Arrow Above", "parameter": "sma100_arrow_above", "entry_value": "True", "exit_value": "False", "parameter_type": "equal", "compare_reverse": "1", "status": "0", "spec_type": "1", "order_type": "1"}}, {"model": "chart.spec", "pk": 27392, "fields": {"symbol": 11, "name": "MA100 Arrow Above", "parameter": "sma100_arrow_above", "entry_value": "True", "exit_value": "False", "parameter_type": "equal", "compare_reverse": "1", "status": "1", "spec_type": "2", "order_type": "1"}}, {"model": "chart.spec", "pk": 27393, "fields": {"symbol": 11, "name": "MA100 Present Under", "parameter": "sma100_present_below", "entry_value": "True", "exit_value": "False", "parameter_type": "equal", "compare_reverse": "1", "status": "1", "spec_type": "1", "order_type": "0"}}, {"model": "chart.spec", "pk": 27394, "fields": {"symbol": 11, "name": "MA100 Present Under", "parameter": "sma100_present_below", "entry_value": "True", "exit_value": "False", "parameter_type": "equal", "compare_reverse": "1", "status": "1", "spec_type": "2", "order_type": "0"}}, {"model": "chart.spec", "pk": 27395, "fields": {"symbol": 11, "name": "MA100 Present Above", "parameter": "sma100_present_above", "entry_value": "True", "exit_value": "False", "parameter_type": "equal", "compare_reverse": "1", "status": "1", "spec_type": "1", "order_type": "1"}}, {"model": "chart.spec", "pk": 27396, "fields": {"symbol": 11, "name": "MA100 Present Above", "parameter": "sma100_present_above", "entry_value": "True", "exit_value": "False", "parameter_type": "equal", "compare_reverse": "1", "status": "1", "spec_type": "2", "order_type": "1"}}, {"model": "chart.spec", "pk": 27397, "fields": {"symbol": 15, "name": "MA100 Slope", "parameter": "ma100_slope", "entry_value": "0.000001", "exit_value": "-0.0005", "parameter_type": "compare", "compare_reverse": "1", "status": "1", "spec_type": "1", "order_type": "0"}}, {"model": "chart.spec", "pk": 27398, "fields": {"symbol": 15, "name": "MA100 Arrow Under", "parameter": "sma100_arrow_below", "entry_value": "True", "exit_value": "False", "parameter_type": "equal", "compare_reverse": "1", "status": "0", "spec_type": "1", "order_type": "0"}}, {"model": "chart.spec", "pk": 27399, "fields": {"symbol": 15, "name": "MA100 Arrow Under", "parameter": "sma100_arrow_below", "entry_value": "True", "exit_value": "False", "parameter_type": "equal", "compare_reverse": "1", "status": "1", "spec_type": "2", "order_type": "0"}}, {"model": "chart.spec", "pk": 27400, "fields": {"symbol": 15, "name": "MA100 Slope", "parameter": "ma100_slope", "entry_value": "0", "exit_value": "0", "parameter_type": "compare", "compare_reverse": "2", "status": "1", "spec_type": "1", "order_type": "1"}}, {"model": "chart.spec", "pk": 27401, "fields": {"symbol": 15, "name": "MA100 Arrow Above", "parameter": "sma100_arrow_above", "entry_value": "True", "exit_value": "False", "parameter_type": "equal", "compare_reverse": "1", "status": "0", "spec_type": "1", "order_type": "1"}}, {"model": "chart.spec", "pk": 27402, "fields": {"symbol": 15, "name": "MA100 Arrow Above", "parameter": "sma100_arrow_above", "entry_value": "True", "exit_value": "False", "parameter_type": "equal", "compare_reverse": "1", "status": "1", "spec_type": "2", "order_type": "1"}}, {"model": "chart.spec", "pk": 27403, "fields": {"symbol": 15, "name": "MA100 Present Under", "parameter": "sma100_present_below", "entry_value": "True", "exit_value": "False", "parameter_type": "equal", "compare_reverse": "1", "status": "1", "spec_type": "1", "order_type": "0"}}, {"model": "chart.spec", "pk": 27404, "fields": {"symbol": 15, "name": "MA100 Present Under", "parameter": "sma100_present_below", "entry_value": "True", "exit_value": "False", "parameter_type": "equal", "compare_reverse": "1", "status": "1", "spec_type": "2", "order_type": "0"}}, {"model": "chart.spec", "pk": 27405, "fields": {"symbol": 15, "name": "MA100 Present Above", "parameter": "sma100_present_above", "entry_value": "True", "exit_value": "False", "parameter_type": "equal", "compare_reverse": "1", "status": "1", "spec_type": "1", "order_type": "1"}}, {"model": "chart.spec", "pk": 27406, "fields": {"symbol": 15, "name": "MA100 Present Above", "parameter": "sma100_present_above", "entry_value": "True", "exit_value": "False", "parameter_type": "equal", "compare_reverse": "1", "status": "1", "spec_type": "2", "order_type": "1"}}, {"model": "chart.spec", "pk": 27407, "fields": {"symbol": 16, "name": "MA100 Slope", "parameter": "ma100_slope", "entry_value": "0.000001", "exit_value": "-0.0005", "parameter_type": "compare", "compare_reverse": "1", "status": "1", "spec_type": "1", "order_type": "0"}}, {"model": "chart.spec", "pk": 27408, "fields": {"symbol": 16, "name": "MA100 Arrow Under", "parameter": "sma100_arrow_below", "entry_value": "True", "exit_value": "False", "parameter_type": "equal", "compare_reverse": "1", "status": "0", "spec_type": "1", "order_type": "0"}}, {"model": "chart.spec", "pk": 27409, "fields": {"symbol": 16, "name": "MA100 Arrow Under", "parameter": "sma100_arrow_below", "entry_value": "True", "exit_value": "False", "parameter_type": "equal", "compare_reverse": "1", "status": "1", "spec_type": "2", "order_type": "0"}}, {"model": "chart.spec", "pk": 27410, "fields": {"symbol": 16, "name": "MA100 Slope", "parameter": "ma100_slope", "entry_value": "0", "exit_value": "0", "parameter_type": "compare", "compare_reverse": "2", "status": "1", "spec_type": "1", "order_type": "1"}}, {"model": "chart.spec", "pk": 27411, "fields": {"symbol": 16, "name": "MA100 Arrow Above", "parameter": "sma100_arrow_above", "entry_value": "True", "exit_value": "False", "parameter_type": "equal", "compare_reverse": "1", "status": "0", "spec_type": "1", "order_type": "1"}}, {"model": "chart.spec", "pk": 27412, "fields": {"symbol": 16, "name": "MA100 Arrow Above", "parameter": "sma100_arrow_above", "entry_value": "True", "exit_value": "False", "parameter_type": "equal", "compare_reverse": "1", "status": "1", "spec_type": "2", "order_type": "1"}}, {"model": "chart.spec", "pk": 27413, "fields": {"symbol": 16, "name": "MA100 Present Under", "parameter": "sma100_present_below", "entry_value": "True", "exit_value": "False", "parameter_type": "equal", "compare_reverse": "1", "status": "1", "spec_type": "1", "order_type": "0"}}, {"model": "chart.spec", "pk": 27414, "fields": {"symbol": 16, "name": "MA100 Present Under", "parameter": "sma100_present_below", "entry_value": "True", "exit_value": "False", "parameter_type": "equal", "compare_reverse": "1", "status": "1", "spec_type": "2", "order_type": "0"}}, {"model": "chart.spec", "pk": 27415, "fields": {"symbol": 16, "name": "MA100 Present Above", "parameter": "sma100_present_above", "entry_value": "True", "exit_value": "False", "parameter_type": "equal", "compare_reverse": "1", "status": "1", "spec_type": "1", "order_type": "1"}}, {"model": "chart.spec", "pk": 27416, "fields": {"symbol": 16, "name": "MA100 Present Above", "parameter": "sma100_present_above", "entry_value": "True", "exit_value": "False", "parameter_type": "equal", "compare_reverse": "1", "status": "1", "spec_type": "2", "order_type": "1"}}, {"model": "chart.spec", "pk": 27417, "fields": {"symbol": 33, "name": "MA100 Slope", "parameter": "ma100_slope", "entry_value": "0.000001", "exit_value": "-0.0005", "parameter_type": "compare", "compare_reverse": "1", "status": "1", "spec_type": "1", "order_type": "0"}}, {"model": "chart.spec", "pk": 27418, "fields": {"symbol": 33, "name": "MA100 Arrow Under", "parameter": "sma100_arrow_below", "entry_value": "True", "exit_value": "False", "parameter_type": "equal", "compare_reverse": "1", "status": "0", "spec_type": "1", "order_type": "0"}}, {"model": "chart.spec", "pk": 27419, "fields": {"symbol": 33, "name": "MA100 Arrow Under", "parameter": "sma100_arrow_below", "entry_value": "True", "exit_value": "False", "parameter_type": "equal", "compare_reverse": "1", "status": "1", "spec_type": "2", "order_type": "0"}}, {"model": "chart.spec", "pk": 27420, "fields": {"symbol": 33, "name": "MA100 Slope", "parameter": "ma100_slope", "entry_value": "0", "exit_value": "0", "parameter_type": "compare", "compare_reverse": "2", "status": "1", "spec_type": "1", "order_type": "1"}}, {"model": "chart.spec", "pk": 27421, "fields": {"symbol": 33, "name": "MA100 Arrow Above", "parameter": "sma100_arrow_above", "entry_value": "True", "exit_value": "False", "parameter_type": "equal", "compare_reverse": "1", "status": "0", "spec_type": "1", "order_type": "1"}}, {"model": "chart.spec", "pk": 27422, "fields": {"symbol": 33, "name": "MA100 Arrow Above", "parameter": "sma100_arrow_above", "entry_value": "True", "exit_value": "False", "parameter_type": "equal", "compare_reverse": "1", "status": "1", "spec_type": "2", "order_type": "1"}}, {"model": "chart.spec", "pk": 27423, "fields": {"symbol": 33, "name": "MA100 Present Under", "parameter": "sma100_present_below", "entry_value": "True", "exit_value": "False", "parameter_type": "equal", "compare_reverse": "1", "status": "1", "spec_type": "1", "order_type": "0"}}, {"model": "chart.spec", "pk": 27424, "fields": {"symbol": 33, "name": "MA100 Present Under", "parameter": "sma100_present_below", "entry_value": "True", "exit_value": "False", "parameter_type": "equal", "compare_reverse": "1", "status": "1", "spec_type": "2", "order_type": "0"}}, {"model": "chart.spec", "pk": 27425, "fields": {"symbol": 33, "name": "MA100 Present Above", "parameter": "sma100_present_above", "entry_value": "True", "exit_value": "False", "parameter_type": "equal", "compare_reverse": "1", "status": "1", "spec_type": "1", "order_type": "1"}}, {"model": "chart.spec", "pk": 27426, "fields": {"symbol": 33, "name": "MA100 Present Above", "parameter": "sma100_present_above", "entry_value": "True", "exit_value": "False", "parameter_type": "equal", "compare_reverse": "1", "status": "1", "spec_type": "2", "order_type": "1"}}, {"model": "chart.spec", "pk": 27437, "fields": {"symbol": 51, "name": "MA100 Slope", "parameter": "ma100_slope", "entry_value": "0.000001", "exit_value": "-0.0005", "parameter_type": "compare", "compare_reverse": "1", "status": "1", "spec_type": "1", "order_type": "0"}}, {"model": "chart.spec", "pk": 27438, "fields": {"symbol": 51, "name": "MA100 Arrow Under", "parameter": "sma100_arrow_below", "entry_value": "True", "exit_value": "False", "parameter_type": "equal", "compare_reverse": "1", "status": "0", "spec_type": "1", "order_type": "0"}}, {"model": "chart.spec", "pk": 27439, "fields": {"symbol": 51, "name": "MA100 Arrow Under", "parameter": "sma100_arrow_below", "entry_value": "True", "exit_value": "False", "parameter_type": "equal", "compare_reverse": "1", "status": "1", "spec_type": "2", "order_type": "0"}}, {"model": "chart.spec", "pk": 27440, "fields": {"symbol": 51, "name": "MA100 Slope", "parameter": "ma100_slope", "entry_value": "0", "exit_value": "0", "parameter_type": "compare", "compare_reverse": "2", "status": "1", "spec_type": "1", "order_type": "1"}}, {"model": "chart.spec", "pk": 27441, "fields": {"symbol": 51, "name": "MA100 Arrow Above", "parameter": "sma100_arrow_above", "entry_value": "True", "exit_value": "False", "parameter_type": "equal", "compare_reverse": "1", "status": "0", "spec_type": "1", "order_type": "1"}}, {"model": "chart.spec", "pk": 27442, "fields": {"symbol": 51, "name": "MA100 Arrow Above", "parameter": "sma100_arrow_above", "entry_value": "True", "exit_value": "False", "parameter_type": "equal", "compare_reverse": "1", "status": "1", "spec_type": "2", "order_type": "1"}}, {"model": "chart.spec", "pk": 27443, "fields": {"symbol": 51, "name": "MA100 Present Under", "parameter": "sma100_present_below", "entry_value": "True", "exit_value": "False", "parameter_type": "equal", "compare_reverse": "1", "status": "1", "spec_type": "1", "order_type": "0"}}, {"model": "chart.spec", "pk": 27444, "fields": {"symbol": 51, "name": "MA100 Present Under", "parameter": "sma100_present_below", "entry_value": "True", "exit_value": "False", "parameter_type": "equal", "compare_reverse": "1", "status": "1", "spec_type": "2", "order_type": "0"}}, {"model": "chart.spec", "pk": 27445, "fields": {"symbol": 51, "name": "MA100 Present Above", "parameter": "sma100_present_above", "entry_value": "True", "exit_value": "False", "parameter_type": "equal", "compare_reverse": "1", "status": "1", "spec_type": "1", "order_type": "1"}}, {"model": "chart.spec", "pk": 27446, "fields": {"symbol": 51, "name": "MA100 Present Above", "parameter": "sma100_present_above", "entry_value": "True", "exit_value": "False", "parameter_type": "equal", "compare_reverse": "1", "status": "1", "spec_type": "2", "order_type": "1"}}, {"model": "chart.spec", "pk": 27447, "fields": {"symbol": 59, "name": "MA100 Slope", "parameter": "ma100_slope", "entry_value": "0.000001", "exit_value": "-0.0005", "parameter_type": "compare", "compare_reverse": "1", "status": "1", "spec_type": "1", "order_type": "0"}}, {"model": "chart.spec", "pk": 27448, "fields": {"symbol": 59, "name": "MA100 Arrow Under", "parameter": "sma100_arrow_below", "entry_value": "True", "exit_value": "False", "parameter_type": "equal", "compare_reverse": "1", "status": "0", "spec_type": "1", "order_type": "0"}}, {"model": "chart.spec", "pk": 27449, "fields": {"symbol": 59, "name": "MA100 Arrow Under", "parameter": "sma100_arrow_below", "entry_value": "True", "exit_value": "False", "parameter_type": "equal", "compare_reverse": "1", "status": "1", "spec_type": "2", "order_type": "0"}}, {"model": "chart.spec", "pk": 27450, "fields": {"symbol": 59, "name": "MA100 Slope", "parameter": "ma100_slope", "entry_value": "0", "exit_value": "0", "parameter_type": "compare", "compare_reverse": "2", "status": "1", "spec_type": "1", "order_type": "1"}}, {"model": "chart.spec", "pk": 27451, "fields": {"symbol": 59, "name": "MA100 Arrow Above", "parameter": "sma100_arrow_above", "entry_value": "True", "exit_value": "False", "parameter_type": "equal", "compare_reverse": "1", "status": "0", "spec_type": "1", "order_type": "1"}}, {"model": "chart.spec", "pk": 27452, "fields": {"symbol": 59, "name": "MA100 Arrow Above", "parameter": "sma100_arrow_above", "entry_value": "True", "exit_value": "False", "parameter_type": "equal", "compare_reverse": "1", "status": "1", "spec_type": "2", "order_type": "1"}}, {"model": "chart.spec", "pk": 27453, "fields": {"symbol": 59, "name": "MA100 Present Under", "parameter": "sma100_present_below", "entry_value": "True", "exit_value": "False", "parameter_type": "equal", "compare_reverse": "1", "status": "1", "spec_type": "1", "order_type": "0"}}, {"model": "chart.spec", "pk": 27454, "fields": {"symbol": 59, "name": "MA100 Present Under", "parameter": "sma100_present_below", "entry_value": "True", "exit_value": "False", "parameter_type": "equal", "compare_reverse": "1", "status": "1", "spec_type": "2", "order_type": "0"}}, {"model": "chart.spec", "pk": 27455, "fields": {"symbol": 59, "name": "MA100 Present Above", "parameter": "sma100_present_above", "entry_value": "True", "exit_value": "False", "parameter_type": "equal", "compare_reverse": "1", "status": "1", "spec_type": "1", "order_type": "1"}}, {"model": "chart.spec", "pk": 27456, "fields": {"symbol": 59, "name": "MA100 Present Above", "parameter": "sma100_present_above", "entry_value": "True", "exit_value": "False", "parameter_type": "equal", "compare_reverse": "1", "status": "1", "spec_type": "2", "order_type": "1"}}, {"model": "chart.spec", "pk": 27517, "fields": {"symbol": 70, "name": "MA100 Slope", "parameter": "ma100_slope", "entry_value": "0.000001", "exit_value": "-0.0005", "parameter_type": "compare", "compare_reverse": "1", "status": "1", "spec_type": "1", "order_type": "0"}}, {"model": "chart.spec", "pk": 27518, "fields": {"symbol": 70, "name": "MA100 Arrow Under", "parameter": "sma100_arrow_below", "entry_value": "True", "exit_value": "False", "parameter_type": "equal", "compare_reverse": "1", "status": "0", "spec_type": "1", "order_type": "0"}}, {"model": "chart.spec", "pk": 27519, "fields": {"symbol": 70, "name": "MA100 Arrow Under", "parameter": "sma100_arrow_below", "entry_value": "True", "exit_value": "False", "parameter_type": "equal", "compare_reverse": "1", "status": "1", "spec_type": "2", "order_type": "0"}}, {"model": "chart.spec", "pk": 27520, "fields": {"symbol": 70, "name": "MA100 Slope", "parameter": "ma100_slope", "entry_value": "0", "exit_value": "0", "parameter_type": "compare", "compare_reverse": "2", "status": "1", "spec_type": "1", "order_type": "1"}}, {"model": "chart.spec", "pk": 27521, "fields": {"symbol": 70, "name": "MA100 Arrow Above", "parameter": "sma100_arrow_above", "entry_value": "True", "exit_value": "False", "parameter_type": "equal", "compare_reverse": "1", "status": "0", "spec_type": "1", "order_type": "1"}}, {"model": "chart.spec", "pk": 27522, "fields": {"symbol": 70, "name": "MA100 Arrow Above", "parameter": "sma100_arrow_above", "entry_value": "True", "exit_value": "False", "parameter_type": "equal", "compare_reverse": "1", "status": "1", "spec_type": "2", "order_type": "1"}}, {"model": "chart.spec", "pk": 27523, "fields": {"symbol": 70, "name": "MA100 Present Under", "parameter": "sma100_present_below", "entry_value": "True", "exit_value": "False", "parameter_type": "equal", "compare_reverse": "1", "status": "1", "spec_type": "1", "order_type": "0"}}, {"model": "chart.spec", "pk": 27524, "fields": {"symbol": 70, "name": "MA100 Present Under", "parameter": "sma100_present_below", "entry_value": "True", "exit_value": "False", "parameter_type": "equal", "compare_reverse": "1", "status": "1", "spec_type": "2", "order_type": "0"}}, {"model": "chart.spec", "pk": 27525, "fields": {"symbol": 70, "name": "MA100 Present Above", "parameter": "sma100_present_above", "entry_value": "True", "exit_value": "False", "parameter_type": "equal", "compare_reverse": "1", "status": "1", "spec_type": "1", "order_type": "1"}}, {"model": "chart.spec", "pk": 27526, "fields": {"symbol": 70, "name": "MA100 Present Above", "parameter": "sma100_present_above", "entry_value": "True", "exit_value": "False", "parameter_type": "equal", "compare_reverse": "1", "status": "1", "spec_type": "2", "order_type": "1"}}, {"model": "chart.spec", "pk": 27527, "fields": {"symbol": 71, "name": "MA100 Slope", "parameter": "ma100_slope", "entry_value": "0.000001", "exit_value": "-0.0005", "parameter_type": "compare", "compare_reverse": "1", "status": "1", "spec_type": "1", "order_type": "0"}}, {"model": "chart.spec", "pk": 27528, "fields": {"symbol": 71, "name": "MA100 Arrow Under", "parameter": "sma100_arrow_below", "entry_value": "True", "exit_value": "False", "parameter_type": "equal", "compare_reverse": "1", "status": "0", "spec_type": "1", "order_type": "0"}}, {"model": "chart.spec", "pk": 27529, "fields": {"symbol": 71, "name": "MA100 Arrow Under", "parameter": "sma100_arrow_below", "entry_value": "True", "exit_value": "False", "parameter_type": "equal", "compare_reverse": "1", "status": "1", "spec_type": "2", "order_type": "0"}}, {"model": "chart.spec", "pk": 27530, "fields": {"symbol": 71, "name": "MA100 Slope", "parameter": "ma100_slope", "entry_value": "0", "exit_value": "0", "parameter_type": "compare", "compare_reverse": "2", "status": "1", "spec_type": "1", "order_type": "1"}}, {"model": "chart.spec", "pk": 27531, "fields": {"symbol": 71, "name": "MA100 Arrow Above", "parameter": "sma100_arrow_above", "entry_value": "True", "exit_value": "False", "parameter_type": "equal", "compare_reverse": "1", "status": "0", "spec_type": "1", "order_type": "1"}}, {"model": "chart.spec", "pk": 27532, "fields": {"symbol": 71, "name": "MA100 Arrow Above", "parameter": "sma100_arrow_above", "entry_value": "True", "exit_value": "False", "parameter_type": "equal", "compare_reverse": "1", "status": "1", "spec_type": "2", "order_type": "1"}}, {"model": "chart.spec", "pk": 27533, "fields": {"symbol": 71, "name": "MA100 Present Under", "parameter": "sma100_present_below", "entry_value": "True", "exit_value": "False", "parameter_type": "equal", "compare_reverse": "1", "status": "1", "spec_type": "1", "order_type": "0"}}, {"model": "chart.spec", "pk": 27534, "fields": {"symbol": 71, "name": "MA100 Present Under", "parameter": "sma100_present_below", "entry_value": "True", "exit_value": "False", "parameter_type": "equal", "compare_reverse": "1", "status": "1", "spec_type": "2", "order_type": "0"}}, {"model": "chart.spec", "pk": 27535, "fields": {"symbol": 71, "name": "MA100 Present Above", "parameter": "sma100_present_above", "entry_value": "True", "exit_value": "False", "parameter_type": "equal", "compare_reverse": "1", "status": "1", "spec_type": "1", "order_type": "1"}}, {"model": "chart.spec", "pk": 27536, "fields": {"symbol": 71, "name": "MA100 Present Above", "parameter": "sma100_present_above", "entry_value": "True", "exit_value": "False", "parameter_type": "equal", "compare_reverse": "1", "status": "1", "spec_type": "2", "order_type": "1"}}, {"model": "chart.spec", "pk": 27557, "fields": {"symbol": 74, "name": "MA100 Slope", "parameter": "ma100_slope", "entry_value": "0.000001", "exit_value": "-0.0005", "parameter_type": "compare", "compare_reverse": "1", "status": "1", "spec_type": "1", "order_type": "0"}}, {"model": "chart.spec", "pk": 27558, "fields": {"symbol": 74, "name": "MA100 Arrow Under", "parameter": "sma100_arrow_below", "entry_value": "True", "exit_value": "False", "parameter_type": "equal", "compare_reverse": "1", "status": "0", "spec_type": "1", "order_type": "0"}}, {"model": "chart.spec", "pk": 27559, "fields": {"symbol": 74, "name": "MA100 Arrow Under", "parameter": "sma100_arrow_below", "entry_value": "True", "exit_value": "False", "parameter_type": "equal", "compare_reverse": "1", "status": "1", "spec_type": "2", "order_type": "0"}}, {"model": "chart.spec", "pk": 27560, "fields": {"symbol": 74, "name": "MA100 Slope", "parameter": "ma100_slope", "entry_value": "0", "exit_value": "0", "parameter_type": "compare", "compare_reverse": "2", "status": "1", "spec_type": "1", "order_type": "1"}}, {"model": "chart.spec", "pk": 27561, "fields": {"symbol": 74, "name": "MA100 Arrow Above", "parameter": "sma100_arrow_above", "entry_value": "True", "exit_value": "False", "parameter_type": "equal", "compare_reverse": "1", "status": "0", "spec_type": "1", "order_type": "1"}}, {"model": "chart.spec", "pk": 27562, "fields": {"symbol": 74, "name": "MA100 Arrow Above", "parameter": "sma100_arrow_above", "entry_value": "True", "exit_value": "False", "parameter_type": "equal", "compare_reverse": "1", "status": "1", "spec_type": "2", "order_type": "1"}}, {"model": "chart.spec", "pk": 27563, "fields": {"symbol": 74, "name": "MA100 Present Under", "parameter": "sma100_present_below", "entry_value": "True", "exit_value": "False", "parameter_type": "equal", "compare_reverse": "1", "status": "1", "spec_type": "1", "order_type": "0"}}, {"model": "chart.spec", "pk": 27564, "fields": {"symbol": 74, "name": "MA100 Present Under", "parameter": "sma100_present_below", "entry_value": "True", "exit_value": "False", "parameter_type": "equal", "compare_reverse": "1", "status": "1", "spec_type": "2", "order_type": "0"}}, {"model": "chart.spec", "pk": 27565, "fields": {"symbol": 74, "name": "MA100 Present Above", "parameter": "sma100_present_above", "entry_value": "True", "exit_value": "False", "parameter_type": "equal", "compare_reverse": "1", "status": "1", "spec_type": "1", "order_type": "1"}}, {"model": "chart.spec", "pk": 27566, "fields": {"symbol": 74, "name": "MA100 Present Above", "parameter": "sma100_present_above", "entry_value": "True", "exit_value": "False", "parameter_type": "equal", "compare_reverse": "1", "status": "1", "spec_type": "2", "order_type": "1"}}, {"model": "chart.spec", "pk": 27567, "fields": {"symbol": 75, "name": "MA100 Slope", "parameter": "ma100_slope", "entry_value": "0.000001", "exit_value": "-0.0005", "parameter_type": "compare", "compare_reverse": "1", "status": "1", "spec_type": "1", "order_type": "0"}}, {"model": "chart.spec", "pk": 27568, "fields": {"symbol": 75, "name": "MA100 Arrow Under", "parameter": "sma100_arrow_below", "entry_value": "True", "exit_value": "False", "parameter_type": "equal", "compare_reverse": "1", "status": "0", "spec_type": "1", "order_type": "0"}}, {"model": "chart.spec", "pk": 27569, "fields": {"symbol": 75, "name": "MA100 Arrow Under", "parameter": "sma100_arrow_below", "entry_value": "True", "exit_value": "False", "parameter_type": "equal", "compare_reverse": "1", "status": "1", "spec_type": "2", "order_type": "0"}}, {"model": "chart.spec", "pk": 27570, "fields": {"symbol": 75, "name": "MA100 Slope", "parameter": "ma100_slope", "entry_value": "0", "exit_value": "0", "parameter_type": "compare", "compare_reverse": "2", "status": "1", "spec_type": "1", "order_type": "1"}}, {"model": "chart.spec", "pk": 27571, "fields": {"symbol": 75, "name": "MA100 Arrow Above", "parameter": "sma100_arrow_above", "entry_value": "True", "exit_value": "False", "parameter_type": "equal", "compare_reverse": "1", "status": "0", "spec_type": "1", "order_type": "1"}}, {"model": "chart.spec", "pk": 27572, "fields": {"symbol": 75, "name": "MA100 Arrow Above", "parameter": "sma100_arrow_above", "entry_value": "True", "exit_value": "False", "parameter_type": "equal", "compare_reverse": "1", "status": "1", "spec_type": "2", "order_type": "1"}}, {"model": "chart.spec", "pk": 27573, "fields": {"symbol": 75, "name": "MA100 Present Under", "parameter": "sma100_present_below", "entry_value": "True", "exit_value": "False", "parameter_type": "equal", "compare_reverse": "1", "status": "1", "spec_type": "1", "order_type": "0"}}, {"model": "chart.spec", "pk": 27574, "fields": {"symbol": 75, "name": "MA100 Present Under", "parameter": "sma100_present_below", "entry_value": "True", "exit_value": "False", "parameter_type": "equal", "compare_reverse": "1", "status": "1", "spec_type": "2", "order_type": "0"}}, {"model": "chart.spec", "pk": 27575, "fields": {"symbol": 75, "name": "MA100 Present Above", "parameter": "sma100_present_above", "entry_value": "True", "exit_value": "False", "parameter_type": "equal", "compare_reverse": "1", "status": "1", "spec_type": "1", "order_type": "1"}}, {"model": "chart.spec", "pk": 27576, "fields": {"symbol": 75, "name": "MA100 Present Above", "parameter": "sma100_present_above", "entry_value": "True", "exit_value": "False", "parameter_type": "equal", "compare_reverse": "1", "status": "1", "spec_type": "2", "order_type": "1"}}, {"model": "chart.spec", "pk": 27577, "fields": {"symbol": 76, "name": "MA100 Slope", "parameter": "ma100_slope", "entry_value": "0.000001", "exit_value": "-0.0005", "parameter_type": "compare", "compare_reverse": "1", "status": "1", "spec_type": "1", "order_type": "0"}}, {"model": "chart.spec", "pk": 27578, "fields": {"symbol": 76, "name": "MA100 Arrow Under", "parameter": "sma100_arrow_below", "entry_value": "True", "exit_value": "False", "parameter_type": "equal", "compare_reverse": "1", "status": "0", "spec_type": "1", "order_type": "0"}}, {"model": "chart.spec", "pk": 27579, "fields": {"symbol": 76, "name": "MA100 Arrow Under", "parameter": "sma100_arrow_below", "entry_value": "True", "exit_value": "False", "parameter_type": "equal", "compare_reverse": "1", "status": "1", "spec_type": "2", "order_type": "0"}}, {"model": "chart.spec", "pk": 27580, "fields": {"symbol": 76, "name": "MA100 Slope", "parameter": "ma100_slope", "entry_value": "0", "exit_value": "0", "parameter_type": "compare", "compare_reverse": "2", "status": "1", "spec_type": "1", "order_type": "1"}}, {"model": "chart.spec", "pk": 27581, "fields": {"symbol": 76, "name": "MA100 Arrow Above", "parameter": "sma100_arrow_above", "entry_value": "True", "exit_value": "False", "parameter_type": "equal", "compare_reverse": "1", "status": "0", "spec_type": "1", "order_type": "1"}}, {"model": "chart.spec", "pk": 27582, "fields": {"symbol": 76, "name": "MA100 Arrow Above", "parameter": "sma100_arrow_above", "entry_value": "True", "exit_value": "False", "parameter_type": "equal", "compare_reverse": "1", "status": "1", "spec_type": "2", "order_type": "1"}}, {"model": "chart.spec", "pk": 27583, "fields": {"symbol": 76, "name": "MA100 Present Under", "parameter": "sma100_present_below", "entry_value": "True", "exit_value": "False", "parameter_type": "equal", "compare_reverse": "1", "status": "1", "spec_type": "1", "order_type": "0"}}, {"model": "chart.spec", "pk": 27584, "fields": {"symbol": 76, "name": "MA100 Present Under", "parameter": "sma100_present_below", "entry_value": "True", "exit_value": "False", "parameter_type": "equal", "compare_reverse": "1", "status": "1", "spec_type": "2", "order_type": "0"}}, {"model": "chart.spec", "pk": 27585, "fields": {"symbol": 76, "name": "MA100 Present Above", "parameter": "sma100_present_above", "entry_value": "True", "exit_value": "False", "parameter_type": "equal", "compare_reverse": "1", "status": "1", "spec_type": "1", "order_type": "1"}}, {"model": "chart.spec", "pk": 27586, "fields": {"symbol": 76, "name": "MA100 Present Above", "parameter": "sma100_present_above", "entry_value": "True", "exit_value": "False", "parameter_type": "equal", "compare_reverse": "1", "status": "1", "spec_type": "2", "order_type": "1"}}, {"model": "chart.spec", "pk": 27587, "fields": {"symbol": 77, "name": "MA100 Slope", "parameter": "ma100_slope", "entry_value": "0.000001", "exit_value": "-0.0005", "parameter_type": "compare", "compare_reverse": "1", "status": "1", "spec_type": "1", "order_type": "0"}}, {"model": "chart.spec", "pk": 27588, "fields": {"symbol": 77, "name": "MA100 Arrow Under", "parameter": "sma100_arrow_below", "entry_value": "True", "exit_value": "False", "parameter_type": "equal", "compare_reverse": "1", "status": "0", "spec_type": "1", "order_type": "0"}}, {"model": "chart.spec", "pk": 27589, "fields": {"symbol": 77, "name": "MA100 Arrow Under", "parameter": "sma100_arrow_below", "entry_value": "True", "exit_value": "False", "parameter_type": "equal", "compare_reverse": "1", "status": "1", "spec_type": "2", "order_type": "0"}}, {"model": "chart.spec", "pk": 27590, "fields": {"symbol": 77, "name": "MA100 Slope", "parameter": "ma100_slope", "entry_value": "0", "exit_value": "0", "parameter_type": "compare", "compare_reverse": "2", "status": "1", "spec_type": "1", "order_type": "1"}}, {"model": "chart.spec", "pk": 27591, "fields": {"symbol": 77, "name": "MA100 Arrow Above", "parameter": "sma100_arrow_above", "entry_value": "True", "exit_value": "False", "parameter_type": "equal", "compare_reverse": "1", "status": "0", "spec_type": "1", "order_type": "1"}}, {"model": "chart.spec", "pk": 27592, "fields": {"symbol": 77, "name": "MA100 Arrow Above", "parameter": "sma100_arrow_above", "entry_value": "True", "exit_value": "False", "parameter_type": "equal", "compare_reverse": "1", "status": "1", "spec_type": "2", "order_type": "1"}}, {"model": "chart.spec", "pk": 27593, "fields": {"symbol": 77, "name": "MA100 Present Under", "parameter": "sma100_present_below", "entry_value": "True", "exit_value": "False", "parameter_type": "equal", "compare_reverse": "1", "status": "1", "spec_type": "1", "order_type": "0"}}, {"model": "chart.spec", "pk": 27594, "fields": {"symbol": 77, "name": "MA100 Present Under", "parameter": "sma100_present_below", "entry_value": "True", "exit_value": "False", "parameter_type": "equal", "compare_reverse": "1", "status": "1", "spec_type": "2", "order_type": "0"}}, {"model": "chart.spec", "pk": 27595, "fields": {"symbol": 77, "name": "MA100 Present Above", "parameter": "sma100_present_above", "entry_value": "True", "exit_value": "False", "parameter_type": "equal", "compare_reverse": "1", "status": "1", "spec_type": "1", "order_type": "1"}}, {"model": "chart.spec", "pk": 27596, "fields": {"symbol": 77, "name": "MA100 Present Above", "parameter": "sma100_present_above", "entry_value": "True", "exit_value": "False", "parameter_type": "equal", "compare_reverse": "1", "status": "1", "spec_type": "2", "order_type": "1"}}, {"model": "chart.spec", "pk": 27607, "fields": {"symbol": 79, "name": "MA100 Slope", "parameter": "ma100_slope", "entry_value": "0.000001", "exit_value": "-0.0005", "parameter_type": "compare", "compare_reverse": "1", "status": "1", "spec_type": "1", "order_type": "0"}}, {"model": "chart.spec", "pk": 27608, "fields": {"symbol": 79, "name": "MA100 Arrow Under", "parameter": "sma100_arrow_below", "entry_value": "True", "exit_value": "False", "parameter_type": "equal", "compare_reverse": "1", "status": "0", "spec_type": "1", "order_type": "0"}}, {"model": "chart.spec", "pk": 27609, "fields": {"symbol": 79, "name": "MA100 Arrow Under", "parameter": "sma100_arrow_below", "entry_value": "True", "exit_value": "False", "parameter_type": "equal", "compare_reverse": "1", "status": "1", "spec_type": "2", "order_type": "0"}}, {"model": "chart.spec", "pk": 27610, "fields": {"symbol": 79, "name": "MA100 Slope", "parameter": "ma100_slope", "entry_value": "0", "exit_value": "0", "parameter_type": "compare", "compare_reverse": "2", "status": "1", "spec_type": "1", "order_type": "1"}}, {"model": "chart.spec", "pk": 27611, "fields": {"symbol": 79, "name": "MA100 Arrow Above", "parameter": "sma100_arrow_above", "entry_value": "True", "exit_value": "False", "parameter_type": "equal", "compare_reverse": "1", "status": "0", "spec_type": "1", "order_type": "1"}}, {"model": "chart.spec", "pk": 27612, "fields": {"symbol": 79, "name": "MA100 Arrow Above", "parameter": "sma100_arrow_above", "entry_value": "True", "exit_value": "False", "parameter_type": "equal", "compare_reverse": "1", "status": "1", "spec_type": "2", "order_type": "1"}}, {"model": "chart.spec", "pk": 27613, "fields": {"symbol": 79, "name": "MA100 Present Under", "parameter": "sma100_present_below", "entry_value": "True", "exit_value": "False", "parameter_type": "equal", "compare_reverse": "1", "status": "1", "spec_type": "1", "order_type": "0"}}, {"model": "chart.spec", "pk": 27614, "fields": {"symbol": 79, "name": "MA100 Present Under", "parameter": "sma100_present_below", "entry_value": "True", "exit_value": "False", "parameter_type": "equal", "compare_reverse": "1", "status": "1", "spec_type": "2", "order_type": "0"}}, {"model": "chart.spec", "pk": 27615, "fields": {"symbol": 79, "name": "MA100 Present Above", "parameter": "sma100_present_above", "entry_value": "True", "exit_value": "False", "parameter_type": "equal", "compare_reverse": "1", "status": "1", "spec_type": "1", "order_type": "1"}}, {"model": "chart.spec", "pk": 27616, "fields": {"symbol": 79, "name": "MA100 Present Above", "parameter": "sma100_present_above", "entry_value": "True", "exit_value": "False", "parameter_type": "equal", "compare_reverse": "1", "status": "1", "spec_type": "2", "order_type": "1"}}, {"model": "chart.spec", "pk": 27617, "fields": {"symbol": 80, "name": "MA100 Slope", "parameter": "ma100_slope", "entry_value": "0.000001", "exit_value": "-0.0005", "parameter_type": "compare", "compare_reverse": "1", "status": "1", "spec_type": "1", "order_type": "0"}}, {"model": "chart.spec", "pk": 27618, "fields": {"symbol": 80, "name": "MA100 Arrow Under", "parameter": "sma100_arrow_below", "entry_value": "True", "exit_value": "False", "parameter_type": "equal", "compare_reverse": "1", "status": "0", "spec_type": "1", "order_type": "0"}}, {"model": "chart.spec", "pk": 27619, "fields": {"symbol": 80, "name": "MA100 Arrow Under", "parameter": "sma100_arrow_below", "entry_value": "True", "exit_value": "False", "parameter_type": "equal", "compare_reverse": "1", "status": "1", "spec_type": "2", "order_type": "0"}}, {"model": "chart.spec", "pk": 27620, "fields": {"symbol": 80, "name": "MA100 Slope", "parameter": "ma100_slope", "entry_value": "0", "exit_value": "0", "parameter_type": "compare", "compare_reverse": "2", "status": "1", "spec_type": "1", "order_type": "1"}}, {"model": "chart.spec", "pk": 27621, "fields": {"symbol": 80, "name": "MA100 Arrow Above", "parameter": "sma100_arrow_above", "entry_value": "True", "exit_value": "False", "parameter_type": "equal", "compare_reverse": "1", "status": "0", "spec_type": "1", "order_type": "1"}}, {"model": "chart.spec", "pk": 27622, "fields": {"symbol": 80, "name": "MA100 Arrow Above", "parameter": "sma100_arrow_above", "entry_value": "True", "exit_value": "False", "parameter_type": "equal", "compare_reverse": "1", "status": "1", "spec_type": "2", "order_type": "1"}}, {"model": "chart.spec", "pk": 27623, "fields": {"symbol": 80, "name": "MA100 Present Under", "parameter": "sma100_present_below", "entry_value": "True", "exit_value": "False", "parameter_type": "equal", "compare_reverse": "1", "status": "1", "spec_type": "1", "order_type": "0"}}, {"model": "chart.spec", "pk": 27624, "fields": {"symbol": 80, "name": "MA100 Present Under", "parameter": "sma100_present_below", "entry_value": "True", "exit_value": "False", "parameter_type": "equal", "compare_reverse": "1", "status": "1", "spec_type": "2", "order_type": "0"}}, {"model": "chart.spec", "pk": 27625, "fields": {"symbol": 80, "name": "MA100 Present Above", "parameter": "sma100_present_above", "entry_value": "True", "exit_value": "False", "parameter_type": "equal", "compare_reverse": "1", "status": "1", "spec_type": "1", "order_type": "1"}}, {"model": "chart.spec", "pk": 27626, "fields": {"symbol": 80, "name": "MA100 Present Above", "parameter": "sma100_present_above", "entry_value": "True", "exit_value": "False", "parameter_type": "equal", "compare_reverse": "1", "status": "1", "spec_type": "2", "order_type": "1"}}, {"model": "chart.spec", "pk": 27627, "fields": {"symbol": 81, "name": "MA100 Slope", "parameter": "ma100_slope", "entry_value": "0.000001", "exit_value": "-0.0005", "parameter_type": "compare", "compare_reverse": "1", "status": "1", "spec_type": "1", "order_type": "0"}}, {"model": "chart.spec", "pk": 27628, "fields": {"symbol": 81, "name": "MA100 Arrow Under", "parameter": "sma100_arrow_below", "entry_value": "True", "exit_value": "False", "parameter_type": "equal", "compare_reverse": "1", "status": "0", "spec_type": "1", "order_type": "0"}}, {"model": "chart.spec", "pk": 27629, "fields": {"symbol": 81, "name": "MA100 Arrow Under", "parameter": "sma100_arrow_below", "entry_value": "True", "exit_value": "False", "parameter_type": "equal", "compare_reverse": "1", "status": "1", "spec_type": "2", "order_type": "0"}}, {"model": "chart.spec", "pk": 27630, "fields": {"symbol": 81, "name": "MA100 Slope", "parameter": "ma100_slope", "entry_value": "0", "exit_value": "0", "parameter_type": "compare", "compare_reverse": "2", "status": "1", "spec_type": "1", "order_type": "1"}}, {"model": "chart.spec", "pk": 27631, "fields": {"symbol": 81, "name": "MA100 Arrow Above", "parameter": "sma100_arrow_above", "entry_value": "True", "exit_value": "False", "parameter_type": "equal", "compare_reverse": "1", "status": "0", "spec_type": "1", "order_type": "1"}}, {"model": "chart.spec", "pk": 27632, "fields": {"symbol": 81, "name": "MA100 Arrow Above", "parameter": "sma100_arrow_above", "entry_value": "True", "exit_value": "False", "parameter_type": "equal", "compare_reverse": "1", "status": "1", "spec_type": "2", "order_type": "1"}}, {"model": "chart.spec", "pk": 27633, "fields": {"symbol": 81, "name": "MA100 Present Under", "parameter": "sma100_present_below", "entry_value": "True", "exit_value": "False", "parameter_type": "equal", "compare_reverse": "1", "status": "1", "spec_type": "1", "order_type": "0"}}, {"model": "chart.spec", "pk": 27634, "fields": {"symbol": 81, "name": "MA100 Present Under", "parameter": "sma100_present_below", "entry_value": "True", "exit_value": "False", "parameter_type": "equal", "compare_reverse": "1", "status": "1", "spec_type": "2", "order_type": "0"}}, {"model": "chart.spec", "pk": 27635, "fields": {"symbol": 81, "name": "MA100 Present Above", "parameter": "sma100_present_above", "entry_value": "True", "exit_value": "False", "parameter_type": "equal", "compare_reverse": "1", "status": "1", "spec_type": "1", "order_type": "1"}}, {"model": "chart.spec", "pk": 27636, "fields": {"symbol": 81, "name": "MA100 Present Above", "parameter": "sma100_present_above", "entry_value": "True", "exit_value": "False", "parameter_type": "equal", "compare_reverse": "1", "status": "1", "spec_type": "2", "order_type": "1"}}, {"model": "chart.spec", "pk": 27637, "fields": {"symbol": 82, "name": "MA100 Slope", "parameter": "ma100_slope", "entry_value": "0.000001", "exit_value": "-0.0005", "parameter_type": "compare", "compare_reverse": "1", "status": "1", "spec_type": "1", "order_type": "0"}}, {"model": "chart.spec", "pk": 27638, "fields": {"symbol": 82, "name": "MA100 Arrow Under", "parameter": "sma100_arrow_below", "entry_value": "True", "exit_value": "False", "parameter_type": "equal", "compare_reverse": "1", "status": "0", "spec_type": "1", "order_type": "0"}}, {"model": "chart.spec", "pk": 27639, "fields": {"symbol": 82, "name": "MA100 Arrow Under", "parameter": "sma100_arrow_below", "entry_value": "True", "exit_value": "False", "parameter_type": "equal", "compare_reverse": "1", "status": "1", "spec_type": "2", "order_type": "0"}}, {"model": "chart.spec", "pk": 27640, "fields": {"symbol": 82, "name": "MA100 Slope", "parameter": "ma100_slope", "entry_value": "0", "exit_value": "0", "parameter_type": "compare", "compare_reverse": "2", "status": "1", "spec_type": "1", "order_type": "1"}}, {"model": "chart.spec", "pk": 27641, "fields": {"symbol": 82, "name": "MA100 Arrow Above", "parameter": "sma100_arrow_above", "entry_value": "True", "exit_value": "False", "parameter_type": "equal", "compare_reverse": "1", "status": "0", "spec_type": "1", "order_type": "1"}}, {"model": "chart.spec", "pk": 27642, "fields": {"symbol": 82, "name": "MA100 Arrow Above", "parameter": "sma100_arrow_above", "entry_value": "True", "exit_value": "False", "parameter_type": "equal", "compare_reverse": "1", "status": "1", "spec_type": "2", "order_type": "1"}}, {"model": "chart.spec", "pk": 27643, "fields": {"symbol": 82, "name": "MA100 Present Under", "parameter": "sma100_present_below", "entry_value": "True", "exit_value": "False", "parameter_type": "equal", "compare_reverse": "1", "status": "1", "spec_type": "1", "order_type": "0"}}, {"model": "chart.spec", "pk": 27644, "fields": {"symbol": 82, "name": "MA100 Present Under", "parameter": "sma100_present_below", "entry_value": "True", "exit_value": "False", "parameter_type": "equal", "compare_reverse": "1", "status": "1", "spec_type": "2", "order_type": "0"}}, {"model": "chart.spec", "pk": 27645, "fields": {"symbol": 82, "name": "MA100 Present Above", "parameter": "sma100_present_above", "entry_value": "True", "exit_value": "False", "parameter_type": "equal", "compare_reverse": "1", "status": "1", "spec_type": "1", "order_type": "1"}}, {"model": "chart.spec", "pk": 27646, "fields": {"symbol": 82, "name": "MA100 Present Above", "parameter": "sma100_present_above", "entry_value": "True", "exit_value": "False", "parameter_type": "equal", "compare_reverse": "1", "status": "1", "spec_type": "2", "order_type": "1"}}, {"model": "chart.searchtype", "pk": 1, "fields": {"trend": "1", "pattern": "1"}}, {"model": "chart.stdbarsize", "pk": 1, "fields": {"symbol": 1, "symbolname": "USDJPY", "timeframe": "M1", "value": 0.01, "stoplostpip": 20, "stoplostpercent": 0.015, "macdslope": 0.0, "bodyslope": 0.0, "lotsizeoffset": 1.4}}, {"model": "chart.stdbarsize", "pk": 2, "fields": {"symbol": 1, "symbolname": "USDJPY", "timeframe": "M5", "value": 0.015, "stoplostpip": 20, "stoplostpercent": 0.015, "macdslope": 0.0, "bodyslope": 0.0, "lotsizeoffset": 1.4}}, {"model": "chart.stdbarsize", "pk": 3, "fields": {"symbol": 1, "symbolname": "USDJPY", "timeframe": "M15", "value": 0.025, "stoplostpip": 20, "stoplostpercent": 0.015, "macdslope": 0.001, "bodyslope": 0.0, "lotsizeoffset": 1.2}}, {"model": "chart.stdbarsize", "pk": 4, "fields": {"symbol": 1, "symbolname": "USDJPY", "timeframe": "M30", "value": 0.05, "stoplostpip": 20, "stoplostpercent": 0.015, "macdslope": 0.001, "bodyslope": 0.0, "lotsizeoffset": 1.2}}, {"model": "chart.stdbarsize", "pk": 5, "fields": {"symbol": 1, "symbolname": "USDJPY", "timeframe": "H1", "value": 0.08, "stoplostpip": 20, "stoplostpercent": 0.015, "macdslope": 0.001, "bodyslope": 0.01, "lotsizeoffset": 1.2}}, {"model": "chart.stdbarsize", "pk": 6, "fields": {"symbol": 1, "symbolname": "USDJPY", "timeframe": "H4", "value": 0.1, "stoplostpip": 20, "stoplostpercent": 0.015, "macdslope": 0.0, "bodyslope": 0.0, "lotsizeoffset": 1.2}}, {"model": "chart.stdbarsize", "pk": 7, "fields": {"symbol": 1, "symbolname": "USDJPY", "timeframe": "D1", "value": 0.35, "stoplostpip": 20, "stoplostpercent": 0.015, "macdslope": 0.0, "bodyslope": 0.0, "lotsizeoffset": 1.2}}, {"model": "chart.stdbarsize", "pk": 8, "fields": {"symbol": 1, "symbolname": "USDJPY", "timeframe": "W1", "value": 1.3, "stoplostpip": 20, "stoplostpercent": 0.015, "macdslope": 0.0, "bodyslope": 0.0, "lotsizeoffset": 1.2}}, {"model": "chart.stdbarsize", "pk": 9, "fields": {"symbol": 2, "symbolname": "AUDUSD", "timeframe": "M1", "value": 0.00012, "stoplostpip": 20, "stoplostpercent": 0.015, "macdslope": 0.0, "bodyslope": 0.0, "lotsizeoffset": 1.2}}, {"model": "chart.stdbarsize", "pk": 10, "fields": {"symbol": 2, "symbolname": "AUDUSD", "timeframe": "M5", "value": 0.0002, "stoplostpip": 20, "stoplostpercent": 0.015, "macdslope": 0.0, "bodyslope": 0.0, "lotsizeoffset": 1.2}}, {"model": "chart.stdbarsize", "pk": 11, "fields": {"symbol": 2, "symbolname": "AUDUSD", "timeframe": "M15", "value": 0.0002, "stoplostpip": 20, "stoplostpercent": 0.015, "macdslope": 5e-05, "bodyslope": 0.0, "lotsizeoffset": 1.0}}, {"model": "chart.stdbarsize", "pk": 12, "fields": {"symbol": 2, "symbolname": "AUDUSD", "timeframe": "M30", "value": 0.0005, "stoplostpip": 20, "stoplostpercent": 0.015, "macdslope": 5e-05, "bodyslope": 0.0, "lotsizeoffset": 1.0}}, {"model": "chart.stdbarsize", "pk": 13, "fields": {"symbol": 2, "symbolname": "AUDUSD", "timeframe": "H1", "value": 0.0007, "stoplostpip": 20, "stoplostpercent": 0.015, "macdslope": 5e-05, "bodyslope": 0.0, "lotsizeoffset": 1.0}}, {"model": "chart.stdbarsize", "pk": 14, "fields": {"symbol": 2, "symbolname": "AUDUSD", "timeframe": "H4", "value": 0.0014, "stoplostpip": 20, "stoplostpercent": 0.015, "macdslope": 0.0, "bodyslope": 0.0, "lotsizeoffset": 1.0}}, {"model": "chart.stdbarsize", "pk": 15, "fields": {"symbol": 2, "symbolname": "AUDUSD", "timeframe": "D1", "value": 0.0035, "stoplostpip": 20, "stoplostpercent": 0.015, "macdslope": 0.0, "bodyslope": 0.0, "lotsizeoffset": 1.0}}, {"model": "chart.stdbarsize", "pk": 16, "fields": {"symbol": 2, "symbolname": "AUDUSD", "timeframe": "W1", "value": 0.008, "stoplostpip": 20, "stoplostpercent": 0.015, "macdslope": 0.0, "bodyslope": 0.0, "lotsizeoffset": 1.0}}, {"model": "chart.stdbarsize", "pk": 17, "fields": {"symbol": 3, "symbolname": "NZDUSD", "timeframe": "M1", "value": 6e-05, "stoplostpip": 20, "stoplostpercent": 0.015, "macdslope": 0.0, "bodyslope": 0.0, "lotsizeoffset": 1.2}}, {"model": "chart.stdbarsize", "pk": 18, "fields": {"symbol": 3, "symbolname": "NZDUSD", "timeframe": "M5", "value": 0.00015, "stoplostpip": 20, "stoplostpercent": 0.015, "macdslope": 0.0, "bodyslope": 0.0, "lotsizeoffset": 1.2}}, {"model": "chart.stdbarsize", "pk": 19, "fields": {"symbol": 3, "symbolname": "NZDUSD", "timeframe": "M15", "value": 0.0005, "stoplostpip": 20, "stoplostpercent": 0.015, "macdslope": 5e-05, "bodyslope": 0.0, "lotsizeoffset": 1.0}}, {"model": "chart.stdbarsize", "pk": 20, "fields": {"symbol": 3, "symbolname": "NZDUSD", "timeframe": "M30", "value": 0.0005, "stoplostpip": 20, "stoplostpercent": 0.015, "macdslope": 5e-05, "bodyslope": 0.0, "lotsizeoffset": 1.0}}, {"model": "chart.stdbarsize", "pk": 21, "fields": {"symbol": 3, "symbolname": "NZDUSD", "timeframe": "H1", "value": 0.0015, "stoplostpip": 20, "stoplostpercent": 0.015, "macdslope": 5e-05, "bodyslope": 0.0, "lotsizeoffset": 1.0}}, {"model": "chart.stdbarsize", "pk": 22, "fields": {"symbol": 3, "symbolname": "NZDUSD", "timeframe": "H4", "value": 0.002, "stoplostpip": 20, "stoplostpercent": 0.015, "macdslope": 0.0, "bodyslope": 0.0, "lotsizeoffset": 1.0}}, {"model": "chart.stdbarsize", "pk": 23, "fields": {"symbol": 3, "symbolname": "NZDUSD", "timeframe": "D1", "value": 0.0035, "stoplostpip": 20, "stoplostpercent": 0.015, "macdslope": 0.0, "bodyslope": 0.0, "lotsizeoffset": 1.0}}, {"model": "chart.stdbarsize", "pk": 24, "fields": {"symbol": 3, "symbolname": "NZDUSD", "timeframe": "W1", "value": 0.008, "stoplostpip": 20, "stoplostpercent": 0.015, "macdslope": 0.0, "bodyslope": 0.0, "lotsizeoffset": 1.0}}, {"model": "chart.stdbarsize", "pk": 25, "fields": {"symbol": 4, "symbolname": "GBPUSD", "timeframe": "M1", "value": 0.00016, "stoplostpip": 20, "stoplostpercent": 0.015, "macdslope": 0.0, "bodyslope": 0.0, "lotsizeoffset": 1.0}}, {"model": "chart.stdbarsize", "pk": 26, "fields": {"symbol": 4, "symbolname": "GBPUSD", "timeframe": "M5", "value": 0.00025, "stoplostpip": 20, "stoplostpercent": 0.015, "macdslope": 0.0, "bodyslope": 0.0, "lotsizeoffset": 1.0}}, {"model": "chart.stdbarsize", "pk": 27, "fields": {"symbol": 4, "symbolname": "GBPUSD", "timeframe": "M15", "value": 0.00045, "stoplostpip": 20, "stoplostpercent": 0.015, "macdslope": 5e-05, "bodyslope": 0.0, "lotsizeoffset": 0.8}}, {"model": "chart.stdbarsize", "pk": 28, "fields": {"symbol": 4, "symbolname": "GBPUSD", "timeframe": "M30", "value": 0.0005, "stoplostpip": 20, "stoplostpercent": 0.015, "macdslope": 5e-05, "bodyslope": 0.0, "lotsizeoffset": 0.8}}, {"model": "chart.stdbarsize", "pk": 29, "fields": {"symbol": 4, "symbolname": "GBPUSD", "timeframe": "H1", "value": 0.0006, "stoplostpip": 20, "stoplostpercent": 0.015, "macdslope": 5e-05, "bodyslope": 0.0, "lotsizeoffset": 0.8}}, {"model": "chart.stdbarsize", "pk": 30, "fields": {"symbol": 4, "symbolname": "GBPUSD", "timeframe": "H4", "value": 0.0011, "stoplostpip": 20, "stoplostpercent": 0.015, "macdslope": 0.0, "bodyslope": 0.0, "lotsizeoffset": 0.8}}, {"model": "chart.stdbarsize", "pk": 31, "fields": {"symbol": 4, "symbolname": "GBPUSD", "timeframe": "D1", "value": 0.0038, "stoplostpip": 20, "stoplostpercent": 0.015, "macdslope": 0.0, "bodyslope": 0.0, "lotsizeoffset": 0.8}}, {"model": "chart.stdbarsize", "pk": 32, "fields": {"symbol": 4, "symbolname": "GBPUSD", "timeframe": "W1", "value": 0.008, "stoplostpip": 20, "stoplostpercent": 0.015, "macdslope": 0.0, "bodyslope": 0.0, "lotsizeoffset": 0.8}}, {"model": "chart.stdbarsize", "pk": 33, "fields": {"symbol": 5, "symbolname": "USDCHF", "timeframe": "M1", "value": 0.0001, "stoplostpip": 20, "stoplostpercent": 0.015, "macdslope": 0.0, "bodyslope": 0.0, "lotsizeoffset": 1.2}}, {"model": "chart.stdbarsize", "pk": 34, "fields": {"symbol": 5, "symbolname": "USDCHF", "timeframe": "M5", "value": 0.0001, "stoplostpip": 20, "stoplostpercent": 0.015, "macdslope": 0.0, "bodyslope": 0.0, "lotsizeoffset": 1.2}}, {"model": "chart.stdbarsize", "pk": 35, "fields": {"symbol": 5, "symbolname": "USDCHF", "timeframe": "M15", "value": 0.0002, "stoplostpip": 20, "stoplostpercent": 0.015, "macdslope": 5e-05, "bodyslope": 0.0, "lotsizeoffset": 1.0}}, {"model": "chart.stdbarsize", "pk": 36, "fields": {"symbol": 5, "symbolname": "USDCHF", "timeframe": "M30", "value": 0.0005, "stoplostpip": 20, "stoplostpercent": 0.015, "macdslope": 5e-05, "bodyslope": 0.0, "lotsizeoffset": 1.0}}, {"model": "chart.stdbarsize", "pk": 37, "fields": {"symbol": 5, "symbolname": "USDCHF", "timeframe": "H1", "value": 0.0005, "stoplostpip": 20, "stoplostpercent": 0.015, "macdslope": 5e-05, "bodyslope": 0.0, "lotsizeoffset": 1.0}}, {"model": "chart.stdbarsize", "pk": 38, "fields": {"symbol": 5, "symbolname": "USDCHF", "timeframe": "H4", "value": 0.0011, "stoplostpip": 20, "stoplostpercent": 0.015, "macdslope": 0.0, "bodyslope": 0.0, "lotsizeoffset": 1.0}}, {"model": "chart.stdbarsize", "pk": 39, "fields": {"symbol": 5, "symbolname": "USDCHF", "timeframe": "D1", "value": 0.0038, "stoplostpip": 20, "stoplostpercent": 0.015, "macdslope": 0.0, "bodyslope": 0.0, "lotsizeoffset": 1.0}}, {"model": "chart.stdbarsize", "pk": 40, "fields": {"symbol": 5, "symbolname": "USDCHF", "timeframe": "W1", "value": 0.008, "stoplostpip": 20, "stoplostpercent": 0.015, "macdslope": 0.0, "bodyslope": 0.0, "lotsizeoffset": 1.0}}, {"model": "chart.stdbarsize", "pk": 41, "fields": {"symbol": 6, "symbolname": "USDCAD", "timeframe": "M1", "value": 0.0001, "stoplostpip": 20, "stoplostpercent": 0.015, "macdslope": 0.0, "bodyslope": 0.0, "lotsizeoffset": 0.9}}, {"model": "chart.stdbarsize", "pk": 42, "fields": {"symbol": 6, "symbolname": "USDCAD", "timeframe": "M5", "value": 0.00025, "stoplostpip": 20, "stoplostpercent": 0.015, "macdslope": 0.0, "bodyslope": 0.0, "lotsizeoffset": 0.9}}, {"model": "chart.stdbarsize", "pk": 43, "fields": {"symbol": 6, "symbolname": "USDCAD", "timeframe": "M15", "value": 0.00045, "stoplostpip": 20, "stoplostpercent": 0.015, "macdslope": 5e-05, "bodyslope": 0.0, "lotsizeoffset": 0.7}}, {"model": "chart.stdbarsize", "pk": 44, "fields": {"symbol": 6, "symbolname": "USDCAD", "timeframe": "M30", "value": 0.0005, "stoplostpip": 20, "stoplostpercent": 0.015, "macdslope": 5e-05, "bodyslope": 0.0, "lotsizeoffset": 0.7}}, {"model": "chart.stdbarsize", "pk": 45, "fields": {"symbol": 6, "symbolname": "USDCAD", "timeframe": "H1", "value": 0.0006, "stoplostpip": 20, "stoplostpercent": 0.015, "macdslope": 5e-05, "bodyslope": 0.0, "lotsizeoffset": 0.7}}, {"model": "chart.stdbarsize", "pk": 46, "fields": {"symbol": 6, "symbolname": "USDCAD", "timeframe": "H4", "value": 0.0014, "stoplostpip": 20, "stoplostpercent": 0.015, "macdslope": 0.0, "bodyslope": 0.0, "lotsizeoffset": 0.7}}, {"model": "chart.stdbarsize", "pk": 47, "fields": {"symbol": 6, "symbolname": "USDCAD", "timeframe": "D1", "value": 0.0035, "stoplostpip": 20, "stoplostpercent": 0.015, "macdslope": 0.0, "bodyslope": 0.0, "lotsizeoffset": 0.7}}, {"model": "chart.stdbarsize", "pk": 48, "fields": {"symbol": 6, "symbolname": "USDCAD", "timeframe": "W1", "value": 0.008, "stoplostpip": 20, "stoplostpercent": 0.015, "macdslope": 0.0, "bodyslope": 0.0, "lotsizeoffset": 0.7}}, {"model": "chart.stdbarsize", "pk": 49, "fields": {"symbol": 7, "symbolname": "AUDCAD", "timeframe": "M1", "value": 0.00014, "stoplostpip": 20, "stoplostpercent": 0.015, "macdslope": 0.0, "bodyslope": 0.0, "lotsizeoffset": 1.2}}, {"model": "chart.stdbarsize", "pk": 50, "fields": {"symbol": 7, "symbolname": "AUDCAD", "timeframe": "M5", "value": 0.00025, "stoplostpip": 20, "stoplostpercent": 0.015, "macdslope": 0.0, "bodyslope": 0.0, "lotsizeoffset": 1.2}}, {"model": "chart.stdbarsize", "pk": 51, "fields": {"symbol": 7, "symbolname": "AUDCAD", "timeframe": "M15", "value": 0.0005, "stoplostpip": 20, "stoplostpercent": 0.015, "macdslope": 5e-05, "bodyslope": 0.0, "lotsizeoffset": 1.0}}, {"model": "chart.stdbarsize", "pk": 52, "fields": {"symbol": 7, "symbolname": "AUDCAD", "timeframe": "M30", "value": 0.0005, "stoplostpip": 20, "stoplostpercent": 0.015, "macdslope": 5e-05, "bodyslope": 0.0, "lotsizeoffset": 1.0}}, {"model": "chart.stdbarsize", "pk": 53, "fields": {"symbol": 7, "symbolname": "AUDCAD", "timeframe": "H1", "value": 0.0005, "stoplostpip": 20, "stoplostpercent": 0.015, "macdslope": 5e-05, "bodyslope": 0.0, "lotsizeoffset": 1.0}}, {"model": "chart.stdbarsize", "pk": 54, "fields": {"symbol": 7, "symbolname": "AUDCAD", "timeframe": "H4", "value": 0.0011, "stoplostpip": 20, "stoplostpercent": 0.015, "macdslope": 0.0, "bodyslope": 0.0, "lotsizeoffset": 1.0}}, {"model": "chart.stdbarsize", "pk": 55, "fields": {"symbol": 7, "symbolname": "AUDCAD", "timeframe": "D1", "value": 0.0035, "stoplostpip": 20, "stoplostpercent": 0.015, "macdslope": 0.0, "bodyslope": 0.0, "lotsizeoffset": 1.0}}, {"model": "chart.stdbarsize", "pk": 56, "fields": {"symbol": 7, "symbolname": "AUDCAD", "timeframe": "W1", "value": 0.008, "stoplostpip": 20, "stoplostpercent": 0.015, "macdslope": 0.0, "bodyslope": 0.0, "lotsizeoffset": 1.0}}, {"model": "chart.stdbarsize", "pk": 105, "fields": {"symbol": 15, "symbolname": "EURAUD", "timeframe": "M1", "value": 0.0003, "stoplostpip": 20, "stoplostpercent": 0.015, "macdslope": 0.0, "bodyslope": 0.0, "lotsizeoffset": 0.8}}, {"model": "chart.stdbarsize", "pk": 106, "fields": {"symbol": 15, "symbolname": "EURAUD", "timeframe": "M5", "value": 0.0004, "stoplostpip": 20, "stoplostpercent": 0.015, "macdslope": 0.0, "bodyslope": 0.0, "lotsizeoffset": 0.8}}, {"model": "chart.stdbarsize", "pk": 107, "fields": {"symbol": 15, "symbolname": "EURAUD", "timeframe": "M15", "value": 0.0006, "stoplostpip": 20, "stoplostpercent": 0.015, "macdslope": 5e-05, "bodyslope": 0.0, "lotsizeoffset": 0.6}}, {"model": "chart.stdbarsize", "pk": 108, "fields": {"symbol": 15, "symbolname": "EURAUD", "timeframe": "M30", "value": 0.0018, "stoplostpip": 20, "stoplostpercent": 0.015, "macdslope": 5e-05, "bodyslope": 0.0, "lotsizeoffset": 0.6}}, {"model": "chart.stdbarsize", "pk": 109, "fields": {"symbol": 15, "symbolname": "EURAUD", "timeframe": "H1", "value": 0.002, "stoplostpip": 20, "stoplostpercent": 0.015, "macdslope": 5e-05, "bodyslope": 0.0, "lotsizeoffset": 0.6}}, {"model": "chart.stdbarsize", "pk": 110, "fields": {"symbol": 15, "symbolname": "EURAUD", "timeframe": "H4", "value": 0.003, "stoplostpip": 20, "stoplostpercent": 0.015, "macdslope": 0.0, "bodyslope": 0.0, "lotsizeoffset": 0.6}}, {"model": "chart.stdbarsize", "pk": 111, "fields": {"symbol": 15, "symbolname": "EURAUD", "timeframe": "D1", "value": 0.004, "stoplostpip": 20, "stoplostpercent": 0.015, "macdslope": 0.0, "bodyslope": 0.0, "lotsizeoffset": 0.6}}, {"model": "chart.stdbarsize", "pk": 112, "fields": {"symbol": 15, "symbolname": "EURAUD", "timeframe": "W1", "value": 0.01, "stoplostpip": 20, "stoplostpercent": 0.015, "macdslope": 0.0, "bodyslope": 0.0, "lotsizeoffset": 0.6}}, {"model": "chart.stdbarsize", "pk": 113, "fields": {"symbol": 16, "symbolname": "EURCAD", "timeframe": "M1", "value": 0.0004, "stoplostpip": 20, "stoplostpercent": 0.015, "macdslope": 0.0, "bodyslope": 0.0, "lotsizeoffset": 1.0}}, {"model": "chart.stdbarsize", "pk": 114, "fields": {"symbol": 16, "symbolname": "EURCAD", "timeframe": "M5", "value": 0.0003, "stoplostpip": 20, "stoplostpercent": 0.015, "macdslope": 0.0, "bodyslope": 0.0, "lotsizeoffset": 1.0}}, {"model": "chart.stdbarsize", "pk": 115, "fields": {"symbol": 16, "symbolname": "EURCAD", "timeframe": "M15", "value": 0.0007, "stoplostpip": 20, "stoplostpercent": 0.015, "macdslope": 5e-05, "bodyslope": 0.0, "lotsizeoffset": 0.8}}, {"model": "chart.stdbarsize", "pk": 116, "fields": {"symbol": 16, "symbolname": "EURCAD", "timeframe": "M30", "value": 0.0012, "stoplostpip": 20, "stoplostpercent": 0.015, "macdslope": 5e-05, "bodyslope": 0.0, "lotsizeoffset": 0.8}}, {"model": "chart.stdbarsize", "pk": 117, "fields": {"symbol": 16, "symbolname": "EURCAD", "timeframe": "H1", "value": 0.001, "stoplostpip": 20, "stoplostpercent": 0.015, "macdslope": 5e-05, "bodyslope": 0.0, "lotsizeoffset": 0.8}}, {"model": "chart.stdbarsize", "pk": 118, "fields": {"symbol": 16, "symbolname": "EURCAD", "timeframe": "H4", "value": 0.0028, "stoplostpip": 20, "stoplostpercent": 0.015, "macdslope": 0.0, "bodyslope": 0.0, "lotsizeoffset": 0.8}}, {"model": "chart.stdbarsize", "pk": 119, "fields": {"symbol": 16, "symbolname": "EURCAD", "timeframe": "D1", "value": 0.004, "stoplostpip": 20, "stoplostpercent": 0.015, "macdslope": 0.0, "bodyslope": 0.0, "lotsizeoffset": 0.8}}, {"model": "chart.stdbarsize", "pk": 120, "fields": {"symbol": 16, "symbolname": "EURCAD", "timeframe": "W1", "value": 0.014, "stoplostpip": 20, "stoplostpercent": 0.015, "macdslope": 0.0, "bodyslope": 0.0, "lotsizeoffset": 0.8}}, {"model": "chart.stdbarsize", "pk": 121, "fields": {"symbol": 11, "symbolname": "AUDNZD", "timeframe": "M1", "value": 0.00013, "stoplostpip": 20, "stoplostpercent": 0.015, "macdslope": 0.0, "bodyslope": 0.0, "lotsizeoffset": 1.1}}, {"model": "chart.stdbarsize", "pk": 122, "fields": {"symbol": 11, "symbolname": "AUDNZD", "timeframe": "M5", "value": 0.00019, "stoplostpip": 20, "stoplostpercent": 0.015, "macdslope": 0.0, "bodyslope": 0.0, "lotsizeoffset": 1.1}}, {"model": "chart.stdbarsize", "pk": 123, "fields": {"symbol": 11, "symbolname": "AUDNZD", "timeframe": "M15", "value": 0.0002, "stoplostpip": 20, "stoplostpercent": 0.015, "macdslope": 5e-05, "bodyslope": 0.0, "lotsizeoffset": 0.9}}, {"model": "chart.stdbarsize", "pk": 124, "fields": {"symbol": 11, "symbolname": "AUDNZD", "timeframe": "M30", "value": 0.00075, "stoplostpip": 20, "stoplostpercent": 0.015, "macdslope": 5e-05, "bodyslope": 0.0, "lotsizeoffset": 0.9}}, {"model": "chart.stdbarsize", "pk": 125, "fields": {"symbol": 11, "symbolname": "AUDNZD", "timeframe": "H1", "value": 0.0007, "stoplostpip": 20, "stoplostpercent": 0.015, "macdslope": 5e-05, "bodyslope": 0.0, "lotsizeoffset": 0.9}}, {"model": "chart.stdbarsize", "pk": 126, "fields": {"symbol": 11, "symbolname": "AUDNZD", "timeframe": "H4", "value": 0.00144, "stoplostpip": 20, "stoplostpercent": 0.015, "macdslope": 0.0, "bodyslope": 0.0, "lotsizeoffset": 0.9}}, {"model": "chart.stdbarsize", "pk": 127, "fields": {"symbol": 11, "symbolname": "AUDNZD", "timeframe": "D1", "value": 0.00257, "stoplostpip": 20, "stoplostpercent": 0.015, "macdslope": 0.0, "bodyslope": 0.0, "lotsizeoffset": 0.9}}, {"model": "chart.stdbarsize", "pk": 128, "fields": {"symbol": 11, "symbolname": "AUDNZD", "timeframe": "W1", "value": 0.00837, "stoplostpip": 20, "stoplostpercent": 0.015, "macdslope": 0.0, "bodyslope": 0.0, "lotsizeoffset": 0.9}}, {"model": "chart.stdbarsize", "pk": 257, "fields": {"symbol": 33, "symbolname": "GBPCHF", "timeframe": "M1", "value": 8e-05, "stoplostpip": 20, "stoplostpercent": 0.015, "macdslope": 0.0, "bodyslope": 0.0, "lotsizeoffset": 0.8}}, {"model": "chart.stdbarsize", "pk": 258, "fields": {"symbol": 33, "symbolname": "GBPCHF", "timeframe": "M5", "value": 0.0003, "stoplostpip": 20, "stoplostpercent": 0.015, "macdslope": 0.0, "bodyslope": 0.0, "lotsizeoffset": 0.8}}, {"model": "chart.stdbarsize", "pk": 259, "fields": {"symbol": 33, "symbolname": "GBPCHF", "timeframe": "M15", "value": 0.00035, "stoplostpip": 20, "stoplostpercent": 0.015, "macdslope": 5e-05, "bodyslope": 0.0, "lotsizeoffset": 0.6}}, {"model": "chart.stdbarsize", "pk": 260, "fields": {"symbol": 33, "symbolname": "GBPCHF", "timeframe": "M30", "value": 0.00053, "stoplostpip": 20, "stoplostpercent": 0.015, "macdslope": 5e-05, "bodyslope": 0.0, "lotsizeoffset": 0.6}}, {"model": "chart.stdbarsize", "pk": 261, "fields": {"symbol": 33, "symbolname": "GBPCHF", "timeframe": "H1", "value": 0.00113, "stoplostpip": 20, "stoplostpercent": 0.015, "macdslope": 5e-05, "bodyslope": 0.0, "lotsizeoffset": 0.6}}, {"model": "chart.stdbarsize", "pk": 262, "fields": {"symbol": 33, "symbolname": "GBPCHF", "timeframe": "H4", "value": 0.00213, "stoplostpip": 20, "stoplostpercent": 0.015, "macdslope": 0.0, "bodyslope": 0.0, "lotsizeoffset": 0.6}}, {"model": "chart.stdbarsize", "pk": 263, "fields": {"symbol": 33, "symbolname": "GBPCHF", "timeframe": "D1", "value": 0.00323, "stoplostpip": 20, "stoplostpercent": 0.015, "macdslope": 0.0, "bodyslope": 0.0, "lotsizeoffset": 0.6}}, {"model": "chart.stdbarsize", "pk": 264, "fields": {"symbol": 33, "symbolname": "GBPCHF", "timeframe": "W1", "value": 0.01104, "stoplostpip": 20, "stoplostpercent": 0.015, "macdslope": 0.0, "bodyslope": 0.0, "lotsizeoffset": 0.6}}, {"model": "chart.stdbarsize", "pk": 401, "fields": {"symbol": 51, "symbolname": "USDDKK", "timeframe": "M1", "value": 0.0005, "stoplostpip": 20, "stoplostpercent": 0.015, "macdslope": 0.0, "bodyslope": 0.0, "lotsizeoffset": 0.7}}, {"model": "chart.stdbarsize", "pk": 402, "fields": {"symbol": 51, "symbolname": "USDDKK", "timeframe": "M5", "value": 0.00142, "stoplostpip": 20, "stoplostpercent": 0.015, "macdslope": 0.0, "bodyslope": 0.0, "lotsizeoffset": 0.7}}, {"model": "chart.stdbarsize", "pk": 403, "fields": {"symbol": 51, "symbolname": "USDDKK", "timeframe": "M15", "value": 0.0041, "stoplostpip": 20, "stoplostpercent": 0.015, "macdslope": 5e-05, "bodyslope": 0.0, "lotsizeoffset": 0.2}}, {"model": "chart.stdbarsize", "pk": 404, "fields": {"symbol": 51, "symbolname": "USDDKK", "timeframe": "M30", "value": 0.00401, "stoplostpip": 20, "stoplostpercent": 0.015, "macdslope": 5e-05, "bodyslope": 0.0, "lotsizeoffset": 0.2}}, {"model": "chart.stdbarsize", "pk": 405, "fields": {"symbol": 51, "symbolname": "USDDKK", "timeframe": "H1", "value": 0.00542, "stoplostpip": 20, "stoplostpercent": 0.015, "macdslope": 5e-05, "bodyslope": 0.0, "lotsizeoffset": 0.2}}, {"model": "chart.stdbarsize", "pk": 406, "fields": {"symbol": 51, "symbolname": "USDDKK", "timeframe": "H4", "value": 0.01153, "stoplostpip": 20, "stoplostpercent": 0.015, "macdslope": 0.0, "bodyslope": 0.0, "lotsizeoffset": 0.2}}, {"model": "chart.stdbarsize", "pk": 407, "fields": {"symbol": 51, "symbolname": "USDDKK", "timeframe": "D1", "value": 0.0347, "stoplostpip": 20, "stoplostpercent": 0.015, "macdslope": 0.0, "bodyslope": 0.0, "lotsizeoffset": 0.2}}, {"model": "chart.stdbarsize", "pk": 408, "fields": {"symbol": 51, "symbolname": "USDDKK", "timeframe": "W1", "value": 0.09846, "stoplostpip": 20, "stoplostpercent": 0.015, "macdslope": 0.0, "bodyslope": 0.0, "lotsizeoffset": 0.2}}, {"model": "chart.stdbarsize", "pk": 465, "fields": {"symbol": 59, "symbolname": "USDSGD", "timeframe": "M1", "value": 8e-05, "stoplostpip": 20, "stoplostpercent": 0.015, "macdslope": 0.0, "bodyslope": 0.0, "lotsizeoffset": 1.2}}, {"model": "chart.stdbarsize", "pk": 466, "fields": {"symbol": 59, "symbolname": "USDSGD", "timeframe": "M5", "value": 0.00034, "stoplostpip": 20, "stoplostpercent": 0.015, "macdslope": 0.0, "bodyslope": 0.0, "lotsizeoffset": 1.2}}, {"model": "chart.stdbarsize", "pk": 467, "fields": {"symbol": 59, "symbolname": "USDSGD", "timeframe": "M15", "value": 0.00038, "stoplostpip": 20, "stoplostpercent": 0.015, "macdslope": 5e-05, "bodyslope": 0.0, "lotsizeoffset": 1.0}}, {"model": "chart.stdbarsize", "pk": 468, "fields": {"symbol": 59, "symbolname": "USDSGD", "timeframe": "M30", "value": 0.00065, "stoplostpip": 20, "stoplostpercent": 0.015, "macdslope": 5e-05, "bodyslope": 0.0, "lotsizeoffset": 1.0}}, {"model": "chart.stdbarsize", "pk": 469, "fields": {"symbol": 59, "symbolname": "USDSGD", "timeframe": "H1", "value": 0.00083, "stoplostpip": 20, "stoplostpercent": 0.015, "macdslope": 5e-05, "bodyslope": 0.0, "lotsizeoffset": 1.0}}, {"model": "chart.stdbarsize", "pk": 470, "fields": {"symbol": 59, "symbolname": "USDSGD", "timeframe": "H4", "value": 0.00166, "stoplostpip": 20, "stoplostpercent": 0.015, "macdslope": 0.0, "bodyslope": 0.0, "lotsizeoffset": 1.0}}, {"model": "chart.stdbarsize", "pk": 471, "fields": {"symbol": 59, "symbolname": "USDSGD", "timeframe": "D1", "value": 0.00347, "stoplostpip": 20, "stoplostpercent": 0.015, "macdslope": 0.0, "bodyslope": 0.0, "lotsizeoffset": 1.0}}, {"model": "chart.stdbarsize", "pk": 472, "fields": {"symbol": 59, "symbolname": "USDSGD", "timeframe": "W1", "value": 0.01007, "stoplostpip": 20, "stoplostpercent": 0.015, "macdslope": 0.0, "bodyslope": 0.0, "lotsizeoffset": 1.0}}, {"model": "chart.stdbarsize", "pk": 554, "fields": {"symbol": 70, "symbolname": "EURUSD", "timeframe": "M1", "value": 0.00011, "stoplostpip": 20, "stoplostpercent": 0.015, "macdslope": 0.0, "bodyslope": 0.0, "lotsizeoffset": 1.2}}, {"model": "chart.stdbarsize", "pk": 555, "fields": {"symbol": 70, "symbolname": "EURUSD", "timeframe": "M5", "value": 0.0002, "stoplostpip": 20, "stoplostpercent": 0.015, "macdslope": 0.0, "bodyslope": 0.0, "lotsizeoffset": 1.2}}, {"model": "chart.stdbarsize", "pk": 556, "fields": {"symbol": 70, "symbolname": "EURUSD", "timeframe": "M15", "value": 0.00049, "stoplostpip": 20, "stoplostpercent": 0.015, "macdslope": 5e-05, "bodyslope": 0.0, "lotsizeoffset": 1.0}}, {"model": "chart.stdbarsize", "pk": 557, "fields": {"symbol": 70, "symbolname": "EURUSD", "timeframe": "M30", "value": 0.00064, "stoplostpip": 20, "stoplostpercent": 0.015, "macdslope": 5e-05, "bodyslope": 0.0, "lotsizeoffset": 1.0}}, {"model": "chart.stdbarsize", "pk": 558, "fields": {"symbol": 70, "symbolname": "EURUSD", "timeframe": "H1", "value": 0.00116, "stoplostpip": 20, "stoplostpercent": 0.015, "macdslope": 5e-05, "bodyslope": 0.0, "lotsizeoffset": 1.0}}, {"model": "chart.stdbarsize", "pk": 559, "fields": {"symbol": 70, "symbolname": "EURUSD", "timeframe": "H4", "value": 0.00239, "stoplostpip": 20, "stoplostpercent": 0.015, "macdslope": 0.0, "bodyslope": 0.0, "lotsizeoffset": 1.0}}, {"model": "chart.stdbarsize", "pk": 560, "fields": {"symbol": 70, "symbolname": "EURUSD", "timeframe": "D1", "value": 0.00595, "stoplostpip": 20, "stoplostpercent": 0.015, "macdslope": 0.0, "bodyslope": 0.0, "lotsizeoffset": 1.0}}, {"model": "chart.stdbarsize", "pk": 561, "fields": {"symbol": 70, "symbolname": "EURUSD", "timeframe": "W1", "value": 0.01962, "stoplostpip": 20, "stoplostpercent": 0.015, "macdslope": 0.0, "bodyslope": 0.0, "lotsizeoffset": 1.0}}, {"model": "chart.stdbarsize", "pk": 562, "fields": {"symbol": 71, "symbolname": "GBPJPY", "timeframe": "M1", "value": 0.01, "stoplostpip": 20, "stoplostpercent": 0.015, "macdslope": 0.0, "bodyslope": 0.0, "lotsizeoffset": 1.0}}, {"model": "chart.stdbarsize", "pk": 563, "fields": {"symbol": 71, "symbolname": "GBPJPY", "timeframe": "M5", "value": 0.032, "stoplostpip": 20, "stoplostpercent": 0.015, "macdslope": 0.0, "bodyslope": 0.0, "lotsizeoffset": 1.0}}, {"model": "chart.stdbarsize", "pk": 564, "fields": {"symbol": 71, "symbolname": "GBPJPY", "timeframe": "M15", "value": 0.046, "stoplostpip": 20, "stoplostpercent": 0.015, "macdslope": 0.001, "bodyslope": 0.0, "lotsizeoffset": 1.0}}, {"model": "chart.stdbarsize", "pk": 565, "fields": {"symbol": 71, "symbolname": "GBPJPY", "timeframe": "M30", "value": 0.054, "stoplostpip": 20, "stoplostpercent": 0.015, "macdslope": 0.001, "bodyslope": 0.0, "lotsizeoffset": 1.0}}, {"model": "chart.stdbarsize", "pk": 566, "fields": {"symbol": 71, "symbolname": "GBPJPY", "timeframe": "H1", "value": 0.257, "stoplostpip": 20, "stoplostpercent": 0.015, "macdslope": 0.001, "bodyslope": 0.0, "lotsizeoffset": 1.0}}, {"model": "chart.stdbarsize", "pk": 567, "fields": {"symbol": 71, "symbolname": "GBPJPY", "timeframe": "H4", "value": 0.336, "stoplostpip": 20, "stoplostpercent": 0.015, "macdslope": 0.0, "bodyslope": 0.0, "lotsizeoffset": 1.0}}, {"model": "chart.stdbarsize", "pk": 568, "fields": {"symbol": 71, "symbolname": "GBPJPY", "timeframe": "D1", "value": 0.777, "stoplostpip": 20, "stoplostpercent": 0.015, "macdslope": 0.0, "bodyslope": 0.0, "lotsizeoffset": 1.0}}, {"model": "chart.stdbarsize", "pk": 569, "fields": {"symbol": 71, "symbolname": "GBPJPY", "timeframe": "W1", "value": 1.579, "stoplostpip": 20, "stoplostpercent": 0.015, "macdslope": 0.0, "bodyslope": 0.0, "lotsizeoffset": 1.0}}, {"model": "chart.stdbarsize", "pk": 586, "fields": {"symbol": 74, "symbolname": "EURGBP", "timeframe": "M1", "value": 4e-05, "stoplostpip": 20, "stoplostpercent": 0.015, "macdslope": 0.0, "bodyslope": 0.0, "lotsizeoffset": 1.0}}, {"model": "chart.stdbarsize", "pk": 587, "fields": {"symbol": 74, "symbolname": "EURGBP", "timeframe": "M5", "value": 8e-05, "stoplostpip": 20, "stoplostpercent": 0.015, "macdslope": 0.0, "bodyslope": 0.0, "lotsizeoffset": 1.0}}, {"model": "chart.stdbarsize", "pk": 588, "fields": {"symbol": 74, "symbolname": "EURGBP", "timeframe": "M15", "value": 0.00032, "stoplostpip": 20, "stoplostpercent": 0.015, "macdslope": 5e-05, "bodyslope": 0.0, "lotsizeoffset": 1.0}}, {"model": "chart.stdbarsize", "pk": 589, "fields": {"symbol": 74, "symbolname": "EURGBP", "timeframe": "M30", "value": 0.00041, "stoplostpip": 20, "stoplostpercent": 0.015, "macdslope": 5e-05, "bodyslope": 0.0, "lotsizeoffset": 1.0}}, {"model": "chart.stdbarsize", "pk": 590, "fields": {"symbol": 74, "symbolname": "EURGBP", "timeframe": "H1", "value": 0.0004, "stoplostpip": 20, "stoplostpercent": 0.015, "macdslope": 5e-05, "bodyslope": 0.0, "lotsizeoffset": 1.0}}, {"model": "chart.stdbarsize", "pk": 591, "fields": {"symbol": 74, "symbolname": "EURGBP", "timeframe": "H4", "value": 0.00071, "stoplostpip": 20, "stoplostpercent": 0.015, "macdslope": 0.0, "bodyslope": 0.0, "lotsizeoffset": 1.0}}, {"model": "chart.stdbarsize", "pk": 592, "fields": {"symbol": 74, "symbolname": "EURGBP", "timeframe": "D1", "value": 0.0025, "stoplostpip": 20, "stoplostpercent": 0.015, "macdslope": 0.0, "bodyslope": 0.0, "lotsizeoffset": 1.0}}, {"model": "chart.stdbarsize", "pk": 593, "fields": {"symbol": 74, "symbolname": "EURGBP", "timeframe": "W1", "value": 0.00658, "stoplostpip": 20, "stoplostpercent": 0.015, "macdslope": 0.0, "bodyslope": 0.0, "lotsizeoffset": 1.0}}, {"model": "chart.stdbarsize", "pk": 594, "fields": {"symbol": 75, "symbolname": "AUDJPY", "timeframe": "M1", "value": 0.01, "stoplostpip": 20, "stoplostpercent": 0.015, "macdslope": 0.0, "bodyslope": 0.0, "lotsizeoffset": 0.9}}, {"model": "chart.stdbarsize", "pk": 595, "fields": {"symbol": 75, "symbolname": "AUDJPY", "timeframe": "M5", "value": 0.028, "stoplostpip": 20, "stoplostpercent": 0.015, "macdslope": 0.0, "bodyslope": 0.0, "lotsizeoffset": 0.7}}, {"model": "chart.stdbarsize", "pk": 596, "fields": {"symbol": 75, "symbolname": "AUDJPY", "timeframe": "M15", "value": 0.059, "stoplostpip": 20, "stoplostpercent": 0.015, "macdslope": 0.001, "bodyslope": 0.0, "lotsizeoffset": 0.7}}, {"model": "chart.stdbarsize", "pk": 597, "fields": {"symbol": 75, "symbolname": "AUDJPY", "timeframe": "M30", "value": 0.107, "stoplostpip": 20, "stoplostpercent": 0.015, "macdslope": 0.001, "bodyslope": 0.0, "lotsizeoffset": 0.7}}, {"model": "chart.stdbarsize", "pk": 598, "fields": {"symbol": 75, "symbolname": "AUDJPY", "timeframe": "H1", "value": 0.135, "stoplostpip": 20, "stoplostpercent": 0.015, "macdslope": 0.001, "bodyslope": 0.0, "lotsizeoffset": 0.7}}, {"model": "chart.stdbarsize", "pk": 599, "fields": {"symbol": 75, "symbolname": "AUDJPY", "timeframe": "H4", "value": 0.162, "stoplostpip": 20, "stoplostpercent": 0.015, "macdslope": 0.0, "bodyslope": 0.0, "lotsizeoffset": 0.7}}, {"model": "chart.stdbarsize", "pk": 600, "fields": {"symbol": 75, "symbolname": "AUDJPY", "timeframe": "D1", "value": 0.476, "stoplostpip": 20, "stoplostpercent": 0.015, "macdslope": 0.0, "bodyslope": 0.0, "lotsizeoffset": 0.7}}, {"model": "chart.stdbarsize", "pk": 601, "fields": {"symbol": 75, "symbolname": "AUDJPY", "timeframe": "W1", "value": 1.332, "stoplostpip": 20, "stoplostpercent": 0.015, "macdslope": 0.0, "bodyslope": 0.0, "lotsizeoffset": 0.7}}, {"model": "chart.stdbarsize", "pk": 602, "fields": {"symbol": 76, "symbolname": "AUDCHF", "timeframe": "M1", "value": 8e-05, "stoplostpip": 20, "stoplostpercent": 0.015, "macdslope": 0.0, "bodyslope": 0.0, "lotsizeoffset": 0.9}}, {"model": "chart.stdbarsize", "pk": 603, "fields": {"symbol": 76, "symbolname": "AUDCHF", "timeframe": "M5", "value": 0.00013, "stoplostpip": 20, "stoplostpercent": 0.015, "macdslope": 0.0, "bodyslope": 0.0, "lotsizeoffset": 0.8}}, {"model": "chart.stdbarsize", "pk": 604, "fields": {"symbol": 76, "symbolname": "AUDCHF", "timeframe": "M15", "value": 0.00048, "stoplostpip": 20, "stoplostpercent": 0.015, "macdslope": 5e-05, "bodyslope": 0.0, "lotsizeoffset": 0.8}}, {"model": "chart.stdbarsize", "pk": 605, "fields": {"symbol": 76, "symbolname": "AUDCHF", "timeframe": "M30", "value": 0.00048, "stoplostpip": 20, "stoplostpercent": 0.015, "macdslope": 5e-05, "bodyslope": 0.0, "lotsizeoffset": 0.8}}, {"model": "chart.stdbarsize", "pk": 606, "fields": {"symbol": 76, "symbolname": "AUDCHF", "timeframe": "H1", "value": 0.00058, "stoplostpip": 20, "stoplostpercent": 0.015, "macdslope": 5e-05, "bodyslope": 0.0, "lotsizeoffset": 0.8}}, {"model": "chart.stdbarsize", "pk": 607, "fields": {"symbol": 76, "symbolname": "AUDCHF", "timeframe": "H4", "value": 0.00214, "stoplostpip": 20, "stoplostpercent": 0.015, "macdslope": 0.0, "bodyslope": 0.0, "lotsizeoffset": 0.8}}, {"model": "chart.stdbarsize", "pk": 608, "fields": {"symbol": 76, "symbolname": "AUDCHF", "timeframe": "D1", "value": 0.00359, "stoplostpip": 20, "stoplostpercent": 0.015, "macdslope": 0.0, "bodyslope": 0.0, "lotsizeoffset": 0.8}}, {"model": "chart.stdbarsize", "pk": 609, "fields": {"symbol": 76, "symbolname": "AUDCHF", "timeframe": "W1", "value": 0.01071, "stoplostpip": 20, "stoplostpercent": 0.015, "macdslope": 0.0, "bodyslope": 0.0, "lotsizeoffset": 0.8}}, {"model": "chart.stdbarsize", "pk": 610, "fields": {"symbol": 77, "symbolname": "CADJPY", "timeframe": "M1", "value": 0.009, "stoplostpip": 20, "stoplostpercent": 0.015, "macdslope": 0.0, "bodyslope": 0.0, "lotsizeoffset": 0.7}}, {"model": "chart.stdbarsize", "pk": 611, "fields": {"symbol": 77, "symbolname": "CADJPY", "timeframe": "M5", "value": 0.025, "stoplostpip": 20, "stoplostpercent": 0.015, "macdslope": 0.0, "bodyslope": 0.0, "lotsizeoffset": 0.7}}, {"model": "chart.stdbarsize", "pk": 612, "fields": {"symbol": 77, "symbolname": "CADJPY", "timeframe": "M15", "value": 0.029, "stoplostpip": 20, "stoplostpercent": 0.015, "macdslope": 0.001, "bodyslope": 0.0, "lotsizeoffset": 0.6}}, {"model": "chart.stdbarsize", "pk": 613, "fields": {"symbol": 77, "symbolname": "CADJPY", "timeframe": "M30", "value": 0.058, "stoplostpip": 20, "stoplostpercent": 0.015, "macdslope": 0.001, "bodyslope": 0.0, "lotsizeoffset": 0.6}}, {"model": "chart.stdbarsize", "pk": 614, "fields": {"symbol": 77, "symbolname": "CADJPY", "timeframe": "H1", "value": 0.085, "stoplostpip": 20, "stoplostpercent": 0.015, "macdslope": 0.001, "bodyslope": 0.0, "lotsizeoffset": 0.6}}, {"model": "chart.stdbarsize", "pk": 615, "fields": {"symbol": 77, "symbolname": "CADJPY", "timeframe": "H4", "value": 0.144, "stoplostpip": 20, "stoplostpercent": 0.015, "macdslope": 0.0, "bodyslope": 0.0, "lotsizeoffset": 0.6}}, {"model": "chart.stdbarsize", "pk": 616, "fields": {"symbol": 77, "symbolname": "CADJPY", "timeframe": "D1", "value": 0.451, "stoplostpip": 20, "stoplostpercent": 0.015, "macdslope": 0.0, "bodyslope": 0.0, "lotsizeoffset": 0.6}}, {"model": "chart.stdbarsize", "pk": 617, "fields": {"symbol": 77, "symbolname": "CADJPY", "timeframe": "W1", "value": 1.131, "stoplostpip": 20, "stoplostpercent": 0.015, "macdslope": 0.0, "bodyslope": 0.0, "lotsizeoffset": 0.6}}, {"model": "chart.stdbarsize", "pk": 626, "fields": {"symbol": 79, "symbolname": "CHFJPY", "timeframe": "M1", "value": 0.009, "stoplostpip": 20, "stoplostpercent": 0.015, "macdslope": 0.0, "bodyslope": 0.0, "lotsizeoffset": 1.0}}, {"model": "chart.stdbarsize", "pk": 627, "fields": {"symbol": 79, "symbolname": "CHFJPY", "timeframe": "M5", "value": 0.009, "stoplostpip": 20, "stoplostpercent": 0.015, "macdslope": 0.0, "bodyslope": 0.0, "lotsizeoffset": 1.0}}, {"model": "chart.stdbarsize", "pk": 628, "fields": {"symbol": 79, "symbolname": "CHFJPY", "timeframe": "M15", "value": 0.034, "stoplostpip": 20, "stoplostpercent": 0.015, "macdslope": 0.001, "bodyslope": 0.0, "lotsizeoffset": 1.0}}, {"model": "chart.stdbarsize", "pk": 629, "fields": {"symbol": 79, "symbolname": "CHFJPY", "timeframe": "M30", "value": 0.033, "stoplostpip": 20, "stoplostpercent": 0.015, "macdslope": 0.001, "bodyslope": 0.0, "lotsizeoffset": 1.0}}, {"model": "chart.stdbarsize", "pk": 630, "fields": {"symbol": 79, "symbolname": "CHFJPY", "timeframe": "H1", "value": 0.076, "stoplostpip": 20, "stoplostpercent": 0.015, "macdslope": 0.001, "bodyslope": 0.0, "lotsizeoffset": 1.0}}, {"model": "chart.stdbarsize", "pk": 631, "fields": {"symbol": 79, "symbolname": "CHFJPY", "timeframe": "H4", "value": 0.256, "stoplostpip": 20, "stoplostpercent": 0.015, "macdslope": 0.0, "bodyslope": 0.0, "lotsizeoffset": 1.0}}, {"model": "chart.stdbarsize", "pk": 632, "fields": {"symbol": 79, "symbolname": "CHFJPY", "timeframe": "D1", "value": 0.609, "stoplostpip": 20, "stoplostpercent": 0.015, "macdslope": 0.0, "bodyslope": 0.0, "lotsizeoffset": 1.0}}, {"model": "chart.stdbarsize", "pk": 633, "fields": {"symbol": 79, "symbolname": "CHFJPY", "timeframe": "W1", "value": 0.828, "stoplostpip": 20, "stoplostpercent": 0.015, "macdslope": 0.0, "bodyslope": 0.0, "lotsizeoffset": 1.0}}, {"model": "chart.stdbarsize", "pk": 634, "fields": {"symbol": 80, "symbolname": "NZDJPY", "timeframe": "M1", "value": 0.013, "stoplostpip": 20, "stoplostpercent": 0.015, "macdslope": 0.0, "bodyslope": 0.0, "lotsizeoffset": 1.0}}, {"model": "chart.stdbarsize", "pk": 635, "fields": {"symbol": 80, "symbolname": "NZDJPY", "timeframe": "M5", "value": 0.023, "stoplostpip": 20, "stoplostpercent": 0.015, "macdslope": 0.0, "bodyslope": 0.0, "lotsizeoffset": 1.0}}, {"model": "chart.stdbarsize", "pk": 636, "fields": {"symbol": 80, "symbolname": "NZDJPY", "timeframe": "M15", "value": 0.046, "stoplostpip": 20, "stoplostpercent": 0.015, "macdslope": 0.001, "bodyslope": 0.0, "lotsizeoffset": 1.0}}, {"model": "chart.stdbarsize", "pk": 637, "fields": {"symbol": 80, "symbolname": "NZDJPY", "timeframe": "M30", "value": 0.051, "stoplostpip": 20, "stoplostpercent": 0.015, "macdslope": 0.001, "bodyslope": 0.0, "lotsizeoffset": 1.0}}, {"model": "chart.stdbarsize", "pk": 638, "fields": {"symbol": 80, "symbolname": "NZDJPY", "timeframe": "H1", "value": 0.09, "stoplostpip": 20, "stoplostpercent": 0.015, "macdslope": 0.001, "bodyslope": 0.0, "lotsizeoffset": 1.0}}, {"model": "chart.stdbarsize", "pk": 639, "fields": {"symbol": 80, "symbolname": "NZDJPY", "timeframe": "H4", "value": 0.129, "stoplostpip": 20, "stoplostpercent": 0.015, "macdslope": 0.0, "bodyslope": 0.0, "lotsizeoffset": 1.0}}, {"model": "chart.stdbarsize", "pk": 640, "fields": {"symbol": 80, "symbolname": "NZDJPY", "timeframe": "D1", "value": 0.822, "stoplostpip": 20, "stoplostpercent": 0.015, "macdslope": 0.0, "bodyslope": 0.0, "lotsizeoffset": 1.0}}, {"model": "chart.stdbarsize", "pk": 641, "fields": {"symbol": 80, "symbolname": "NZDJPY", "timeframe": "W1", "value": 1.504, "stoplostpip": 20, "stoplostpercent": 0.015, "macdslope": 0.0, "bodyslope": 0.0, "lotsizeoffset": 1.0}}, {"model": "chart.stdbarsize", "pk": 642, "fields": {"symbol": 81, "symbolname": "CADCHF", "timeframe": "M1", "value": 5e-05, "stoplostpip": 20, "stoplostpercent": 0.015, "macdslope": 0.0, "bodyslope": 0.0, "lotsizeoffset": 1.0}}, {"model": "chart.stdbarsize", "pk": 643, "fields": {"symbol": 81, "symbolname": "CADCHF", "timeframe": "M5", "value": 0.00015, "stoplostpip": 20, "stoplostpercent": 0.015, "macdslope": 0.0, "bodyslope": 0.0, "lotsizeoffset": 1.0}}, {"model": "chart.stdbarsize", "pk": 644, "fields": {"symbol": 81, "symbolname": "CADCHF", "timeframe": "M15", "value": 0.00026, "stoplostpip": 20, "stoplostpercent": 0.015, "macdslope": 5e-05, "bodyslope": 0.0, "lotsizeoffset": 1.0}}, {"model": "chart.stdbarsize", "pk": 645, "fields": {"symbol": 81, "symbolname": "CADCHF", "timeframe": "M30", "value": 0.00051, "stoplostpip": 20, "stoplostpercent": 0.015, "macdslope": 5e-05, "bodyslope": 0.0, "lotsizeoffset": 1.0}}, {"model": "chart.stdbarsize", "pk": 646, "fields": {"symbol": 81, "symbolname": "CADCHF", "timeframe": "H1", "value": 0.00066, "stoplostpip": 20, "stoplostpercent": 0.015, "macdslope": 5e-05, "bodyslope": 0.0, "lotsizeoffset": 1.0}}, {"model": "chart.stdbarsize", "pk": 647, "fields": {"symbol": 81, "symbolname": "CADCHF", "timeframe": "H4", "value": 0.00123, "stoplostpip": 20, "stoplostpercent": 0.015, "macdslope": 0.0, "bodyslope": 0.0, "lotsizeoffset": 1.0}}, {"model": "chart.stdbarsize", "pk": 648, "fields": {"symbol": 81, "symbolname": "CADCHF", "timeframe": "D1", "value": 0.00259, "stoplostpip": 20, "stoplostpercent": 0.015, "macdslope": 0.0, "bodyslope": 0.0, "lotsizeoffset": 1.0}}, {"model": "chart.stdbarsize", "pk": 649, "fields": {"symbol": 81, "symbolname": "CADCHF", "timeframe": "W1", "value": 0.00502, "stoplostpip": 20, "stoplostpercent": 0.015, "macdslope": 0.0, "bodyslope": 0.0, "lotsizeoffset": 1.0}}, {"model": "chart.stdbarsize", "pk": 650, "fields": {"symbol": 82, "symbolname": "NZDCAD", "timeframe": "M1", "value": 8e-05, "stoplostpip": 20, "stoplostpercent": 0.015, "macdslope": 0.0, "bodyslope": 0.0, "lotsizeoffset": 1.0}}, {"model": "chart.stdbarsize", "pk": 651, "fields": {"symbol": 82, "symbolname": "NZDCAD", "timeframe": "M5", "value": 0.00016, "stoplostpip": 20, "stoplostpercent": 0.015, "macdslope": 0.0, "bodyslope": 0.0, "lotsizeoffset": 1.0}}, {"model": "chart.stdbarsize", "pk": 652, "fields": {"symbol": 82, "symbolname": "NZDCAD", "timeframe": "M15", "value": 0.00032, "stoplostpip": 20, "stoplostpercent": 0.015, "macdslope": 5e-05, "bodyslope": 0.0, "lotsizeoffset": 1.0}}, {"model": "chart.stdbarsize", "pk": 653, "fields": {"symbol": 82, "symbolname": "NZDCAD", "timeframe": "M30", "value": 0.00034, "stoplostpip": 20, "stoplostpercent": 0.015, "macdslope": 5e-05, "bodyslope": 0.0, "lotsizeoffset": 1.0}}, {"model": "chart.stdbarsize", "pk": 654, "fields": {"symbol": 82, "symbolname": "NZDCAD", "timeframe": "H1", "value": 0.00055, "stoplostpip": 20, "stoplostpercent": 0.015, "macdslope": 5e-05, "bodyslope": 0.0, "lotsizeoffset": 1.0}}, {"model": "chart.stdbarsize", "pk": 655, "fields": {"symbol": 82, "symbolname": "NZDCAD", "timeframe": "H4", "value": 0.00108, "stoplostpip": 20, "stoplostpercent": 0.015, "macdslope": 0.0, "bodyslope": 0.0, "lotsizeoffset": 1.0}}, {"model": "chart.stdbarsize", "pk": 656, "fields": {"symbol": 82, "symbolname": "NZDCAD", "timeframe": "D1", "value": 0.0032, "stoplostpip": 20, "stoplostpercent": 0.015, "macdslope": 0.0, "bodyslope": 0.0, "lotsizeoffset": 1.0}}, {"model": "chart.stdbarsize", "pk": 657, "fields": {"symbol": 82, "symbolname": "NZDCAD", "timeframe": "W1", "value": 0.00557, "stoplostpip": 20, "stoplostpercent": 0.015, "macdslope": 0.0, "bodyslope": 0.0, "lotsizeoffset": 1.0}}, {"model": "chart.stdbarsize", "pk": 714, "fields": {"symbol": 90, "symbolname": "EURJPY", "timeframe": "M1", "value": 1000.0, "stoplostpip": 20, "stoplostpercent": 0.015, "macdslope": 0.0, "bodyslope": 0.0, "lotsizeoffset": 1.0}}, {"model": "chart.stdbarsize", "pk": 715, "fields": {"symbol": 90, "symbolname": "EURJPY", "timeframe": "M5", "value": 1000.0, "stoplostpip": 20, "stoplostpercent": 0.015, "macdslope": 0.0, "bodyslope": 0.0, "lotsizeoffset": 1.0}}, {"model": "chart.stdbarsize", "pk": 716, "fields": {"symbol": 90, "symbolname": "EURJPY", "timeframe": "M15", "value": 1000.0, "stoplostpip": 20, "stoplostpercent": 0.015, "macdslope": 0.001, "bodyslope": 0.0, "lotsizeoffset": 1.0}}, {"model": "chart.stdbarsize", "pk": 717, "fields": {"symbol": 90, "symbolname": "EURJPY", "timeframe": "M30", "value": 1000.0, "stoplostpip": 20, "stoplostpercent": 0.015, "macdslope": 0.001, "bodyslope": 0.0, "lotsizeoffset": 1.0}}, {"model": "chart.stdbarsize", "pk": 718, "fields": {"symbol": 90, "symbolname": "EURJPY", "timeframe": "H1", "value": 1000.0, "stoplostpip": 20, "stoplostpercent": 0.015, "macdslope": 0.001, "bodyslope": 0.0, "lotsizeoffset": 1.0}}, {"model": "chart.stdbarsize", "pk": 719, "fields": {"symbol": 90, "symbolname": "EURJPY", "timeframe": "H4", "value": 1000.0, "stoplostpip": 20, "stoplostpercent": 0.015, "macdslope": 0.0, "bodyslope": 0.0, "lotsizeoffset": 1.0}}, {"model": "chart.stdbarsize", "pk": 720, "fields": {"symbol": 90, "symbolname": "EURJPY", "timeframe": "D1", "value": 1000.0, "stoplostpip": 20, "stoplostpercent": 0.015, "macdslope": 0.0, "bodyslope": 0.0, "lotsizeoffset": 1.0}}, {"model": "chart.stdbarsize", "pk": 721, "fields": {"symbol": 90, "symbolname": "EURJPY", "timeframe": "W1", "value": 1000.0, "stoplostpip": 20, "stoplostpercent": 0.015, "macdslope": 0.0, "bodyslope": 0.0, "lotsizeoffset": 1.0}}, {"model": "chart.stdbarsize", "pk": 722, "fields": {"symbol": 91, "symbolname": "GBPAUDm", "timeframe": "M1", "value": 1000.0, "stoplostpip": 20, "stoplostpercent": 0.015, "macdslope": 0.0, "bodyslope": 0.0, "lotsizeoffset": 1.0}}, {"model": "chart.stdbarsize", "pk": 723, "fields": {"symbol": 91, "symbolname": "GBPAUDm", "timeframe": "M5", "value": 1000.0, "stoplostpip": 20, "stoplostpercent": 0.015, "macdslope": 0.0, "bodyslope": 0.0, "lotsizeoffset": 1.0}}, {"model": "chart.stdbarsize", "pk": 724, "fields": {"symbol": 91, "symbolname": "GBPAUDm", "timeframe": "M15", "value": 1000.0, "stoplostpip": 20, "stoplostpercent": 0.015, "macdslope": 5e-05, "bodyslope": 0.0, "lotsizeoffset": 1.0}}, {"model": "chart.stdbarsize", "pk": 725, "fields": {"symbol": 91, "symbolname": "GBPAUDm", "timeframe": "M30", "value": 1000.0, "stoplostpip": 20, "stoplostpercent": 0.015, "macdslope": 5e-05, "bodyslope": 0.0, "lotsizeoffset": 1.0}}, {"model": "chart.stdbarsize", "pk": 726, "fields": {"symbol": 91, "symbolname": "GBPAUDm", "timeframe": "H1", "value": 1000.0, "stoplostpip": 20, "stoplostpercent": 0.015, "macdslope": 5e-05, "bodyslope": 0.0, "lotsizeoffset": 1.0}}, {"model": "chart.stdbarsize", "pk": 727, "fields": {"symbol": 91, "symbolname": "GBPAUDm", "timeframe": "H4", "value": 1000.0, "stoplostpip": 20, "stoplostpercent": 0.015, "macdslope": 0.0, "bodyslope": 0.0, "lotsizeoffset": 1.0}}, {"model": "chart.stdbarsize", "pk": 728, "fields": {"symbol": 91, "symbolname": "GBPAUDm", "timeframe": "D1", "value": 1000.0, "stoplostpip": 20, "stoplostpercent": 0.015, "macdslope": 0.0, "bodyslope": 0.0, "lotsizeoffset": 1.0}}, {"model": "chart.stdbarsize", "pk": 729, "fields": {"symbol": 91, "symbolname": "GBPAUDm", "timeframe": "W1", "value": 1000.0, "stoplostpip": 20, "stoplostpercent": 0.015, "macdslope": 0.0, "bodyslope": 0.0, "lotsizeoffset": 1.0}}, {"model": "chart.lotsizefactor", "pk": 1, "fields": {"timeframe": 1, "timeframename": "M1", "factor": 1.2}}, {"model": "chart.lotsizefactor", "pk": 2, "fields": {"timeframe": 2, "timeframename": "M5", "factor": 1.2}}, {"model": "chart.lotsizefactor", "pk": 3, "fields": {"timeframe": 3, "timeframename": "M15", "factor": 1.0}}, {"model": "chart.lotsizefactor", "pk": 4, "fields": {"timeframe": 4, "timeframename": "M30", "factor": 1.0}}, {"model": "chart.lotsizefactor", "pk": 5, "fields": {"timeframe": 5, "timeframename": "H1", "factor": 1.0}}, {"model": "chart.lotsizefactor", "pk": 6, "fields": {"timeframe": 5, "timeframename": "H4", "factor": 1.0}}, {"model": "chart.lotsizefactor", "pk": 7, "fields": {"timeframe": 5, "timeframename": "D1", "factor": 1.0}}, {"model": "chart.lotsizefactor", "pk": 8, "fields": {"timeframe": 5, "timeframename": "W1", "factor": 1.0}}]